Provinsi,Kabupaten/Kota,Nama Bank,Kode Bank
Provinsi Jawa Barat,Kab. Bekasi,PT Bank Perekonomian Rakyat Syariah Amanah Insani,620066
Provinsi Jawa Barat,Kab. Bogor,PT Bank Perekonomian Rakyat Syariah Amanah Ummah,620004
Provinsi Jawa Barat,Kab. Bogor,PT Bank Perekonomian Rakyat Syariah Botani Bina Rahmah,620061
Provinsi Jawa Barat,Kab. Bogor,PT. BPRS Rif'atul Ummah,620068
Provinsi Jawa Barat,Kab. Bogor,PT Bank Perekonomian Rakyat Syariah Harta Insan Karimah Insan Cita,620069
Provinsi Jawa Barat,Kab. Bogor,PT BPRS Bogor Tegar Beriman,620177
Provinsi Jawa Barat,Kab. Cianjur,PT Bank Perekonomian Rakyat Syariah Gaido Indonesia,620043
Provinsi Jawa Barat,Kab. Bandung,PT Bank Perekonomian Rakyat Syariah Amanah Rabbaniah,620002
Provinsi Jawa Barat,Kab. Bandung,PT Bank Perekonomian Rakyat Syariah Almasoem,620027
Provinsi Jawa Barat,Kab. Bandung,PT Bank Perekonomian Rakyat Syariah Al Ihsan,620044
Provinsi Jawa Barat,Kab. Bandung,PT Bank Perekonomian Rakyat Syariah Harta Insan Karimah Parahyangan,620054
Provinsi Jawa Barat,Kab. Garut,PT Bank Perekonomian Rakyat Syariah PNM Mentari,620008
Provinsi Jawa Barat,Kab. Garut,PT Bank Perekonomian Rakyat Syariah Harum Hikmahnugraha,620029
Provinsi Jawa Barat,Kab. Subang,PT. BPRS Gotong Royong,620172
Provinsi Jawa Barat,Kota Bandung,PT BPRS Berkah Amal Salman,620001
Provinsi Jawa Barat,Kota Bandung,PT Bank Perekonomian Rakyat Syariah Baiturridha Pusaka,620011
Provinsi Jawa Barat,Kota Bandung,PT Bank Perekonomian Rakyat Syariah Mitra Harmoni Kota Bandung,620161
Provinsi Jawa Barat,Kota Bogor,PT BPRS Berkah Amal Salman,620001
Provinsi Jawa Barat,Kota Bogor,PT Bank Perekonomian Rakyat Syariah Baiturridha Pusaka,620011
Provinsi Jawa Barat,Kota Bogor,PT Bank Perekonomian Rakyat Syariah Mitra Harmoni Kota Bandung,620161
Provinsi Jawa Barat,Kota Sukabumi,PT. BPRS Gotong Royong,620172
Provinsi Jawa Barat,Kota Tasikmalaya,PT Bank Perekonomian Rakyat Syariah Alwadiah,620037
Provinsi Jawa Barat,Kota Tasikmalaya,PT Bank Perekonomian Rakyat Syariah Almadinah Tasikmalaya Perseroda,620156
Provinsi Jawa Barat,Kota Cimahi,PT BPRS SHADIQ AMANAH,620019
Provinsi Jawa Barat,Kota Cimahi,PT Bank Perekonomian Rakyat Syariah Daarul Hayat,620035
Provinsi Jawa Barat,Kota Depok,PT Bank Perekonomian Rakyat Syariah Hasanah Mandiri,620006
Provinsi Jawa Barat,Kota Depok,PT Bank Perekonomian Rakyat Syariah Albarokah,620053
Provinsi Jawa Barat,Kota Depok,PT Bank Perekonomian Rakyat Syariah Alhijrah Amanah,620062
Provinsi Jawa Barat,Kota Depok,PT Bank Perekonomian Rakyat Syariah Alsalaam Amal Salman,620101
Provinsi Jawa Barat,Kota Bekasi,PT Bank Perekonomian Rakyat Syariah Riyal Irsyadi,620005
Provinsi Jawa Barat,Kota Bekasi,PT Bank Perekonomian Rakyat Syariah Harta Insan Karimah Bekasi,620015
Provinsi Jawa Barat,Kota Bekasi,PT Bank Perekonomian Rakyat Syariah Harta Insan Karimah Cibitung,620020
Provinsi Jawa Barat,Kota Bekasi,PT BANK PEREKONOMIAN RAKYAT ARTHA MADANI,620088
Provinsi Jawa Barat,Kota Bekasi,PT Bank Perekonomian Rakyat Syariah Patriot Bekasi Perseroda,620108
Provinsi Banten,Kota Cilegon,PT Bank Perekonomian Rakyat Syariah Muamalah Cilegon,620034
Provinsi Banten,Kota Cilegon,PT. BPRS Cilegon Mandiri,620080
Provinsi Banten,Kota Tangerang,PT Bank Perekonomian Rakyat Syariah Musyarakah Ummat Indonesia,620007
Provinsi Banten,Kota Tangerang,PT BPRS Harta Insan Karimah,620012
Provinsi Banten,Kota Tangerang Selatan,PT Bank Perekonomian Rakyat Syariah Rizky Barokah,620199
Provinsi DKI Jakarta,Wil. Kota Jakarta Barat,PT BPRS Hidayah,620119
Provinsi DKI Jakarta,Wil. Kota Jakarta Selatan,PT Bank Perekonomian Rakyat Syariah Hijra Alami,620138
Provinsi D.I. Yogyakarta,Kab. Bantul,PT Bank Perekonomian Rakyat Syariah Margirizki Bahagia,620017
Provinsi D.I. Yogyakarta,Kab. Bantul,PT Bank Perekonomian Rakyat Syariah Bangun Drajat Warga,620018
Provinsi D.I. Yogyakarta,Kab. Bantul,PT Bank Perekonomian Rakyat Syariah Madina Mandiri Sejahtera,620118
Provinsi D.I. Yogyakarta,Kab. Sleman,PT Bank Perekonomian Rakyat Syariah Mitra Amal Mulia,620117
Provinsi D.I. Yogyakarta,Kab. Sleman,PT Bank Perekonomian Rakyat Syariah Danagung Syariah,620128
Provinsi D.I. Yogyakarta,Kab. Sleman,PT Bank Perekonomian Rakyat Syariah Harta Insan Karimah Mitra Cahaya Indonesia,620133
Provinsi D.I. Yogyakarta,Kab. Sleman,PT Bank Perekonomian Rakyat Syariah Formes Sleman,620136
Provinsi D.I. Yogyakarta,Kab. Sleman,PT Bank Perekonomian Rakyat Syariah Cahaya Hidup,620163
Provinsi D.I. Yogyakarta,Kab. Sleman,PT Bank Perekonomian Rakyat Syariah Sleman (Perseroda),620193
Provinsi D.I. Yogyakarta,Kota Yogyakarta,PT Bank Perekonomian Rakyat Syariah Dana Hidayatullah,620107
Provinsi D.I. Yogyakarta,Kota Yogyakarta,PT Bank Perekonomian Rakyat Syariah Barokah Dana Sejahtera,620115
Provinsi D.I. Yogyakarta,Kota Yogyakarta,PT Bank Perekonomian Rakyat Syariah Mitra Harmoni Yogyakarta,620149
Provinsi D.I. Yogyakarta,Kota Yogyakarta,PT Bank Perekonomian Rakyat Syariah Unisia Insan Indonesia,620178
Provinsi Jawa Tengah,Kab. Semarang,PT Bank Perekonomian Rakyat Syariah Artha Amanah Ummat,620116
Provinsi Jawa Tengah,Kab. Kendal,PT. BPRS Asad Alif,620070
Provinsi Jawa Tengah,Kab. Grobogan,PT Bank Perekonomian Rakyat Syariah Gala Mitra Abadi,620063
Provinsi Jawa Tengah,Kab. Pati,PT. BPRS Artha Mas Abadi,620100
Provinsi Jawa Tengah,Kab. Kudus,PT BPRS Saka Dana Mulia,620167
Provinsi Jawa Tengah,Kab. Banyumas,PT Bank Perekonomian Rakyat Syariah Bina Amanah Satria,620087
Provinsi Jawa Tengah,Kab. Banyumas,PT Bank Perekonomian Rakyat Syariah Harta Insan Karimah Jawa Tengah,620089
Provinsi Jawa Tengah,Kab. Banyumas,PT Bank Perekonomian Rakyat Syariah Arta Leksana,620110
Provinsi Jawa Tengah,Kab. Banyumas,PT Bank Perekonomian Rakyat Syariah Gunung Slamet,620146
Provinsi Jawa Tengah,Kab. Cilacap,PT Bank Perekonomian Rakyat Syariah Suriyah,620086
Provinsi Jawa Tengah,Kab. Cilacap,PT Bank Perekonomian Rakyat Syariah Bumi Artha Sampang,620112
Provinsi Jawa Tengah,Kab. Cilacap,PT Bank Perekonomian Rakyat Syariah Bangun Arta,620195
Provinsi Jawa Tengah,Kab. Purbalingga,PT Bank Perekonomian Rakyat Syariah Buana Mitra Perwira,620083
Provinsi Jawa Tengah,Kab. Magelang,PT Bank Perekonomian Rakyat Syariah Meru Nusantara Mandiri,620143
Provinsi Jawa Tengah,Kab. Kebumen,PT. BPRS Ikhsanul Amal,620047
Provinsi Jawa Tengah,Kab. Klaten,PT Bank Perekonomian Rakyat Syariah Almabrur Klaten,620142
Provinsi Jawa Tengah,Kab. Klaten,PT Bank Perekonomian Rakyat Syariah Dharma Kuwera,620159
Provinsi Jawa Tengah,Kab. Sragen,PT Bank Perekonomian Rakyat Syariah Sukowati Sragen (Perseroda),620124
Provinsi Jawa Tengah,Kab. Sukoharjo,PT Bank Perekonomian Rakyat Syariah Insan Madani,620154
Provinsi Jawa Tengah,Kota Semarang,PT BPRS Artha Surya Barokah,620084
Provinsi Jawa Tengah,Kota Semarang,PT BPRS Bina Finansia,620102
Provinsi Jawa Tengah,Kota Semarang,PT. BPRS Mitra Harmoni Kota Semarang,620151
Provinsi Jawa Tengah,Kota Semarang,PT Bank Perekonomian Rakyat Syariah Kedung Arto,620191
Provinsi Jawa Tengah,Kota Tegal,PT Bank Perekonomian Rakyat Syariah Hikmah Bahari,620174
Provinsi Jawa Tengah,Kota Surakarta/Solo,PT Bank Perekonomian Rakyat Syariah Dana Mulia,620122
Provinsi Jawa Tengah,Kota Surakarta/Solo,PT Bank Perekonomian Rakyat Syariah Dana Amanah Surakarta,620125
Provinsi Jawa Tengah,Kota Surakarta/Solo,PT Bank Perekonomian Rakyat Syariah Central Syariah Utama,620137
Provinsi Jawa Tengah,Kota Surakarta/Solo,PT Bank Perekonomian Rakyat Syariah Hikmah Khazanah,620171
Provinsi Jawa Timur,Kab. Gresik,PT Bank Perekonomian Rakyat Syariah Amanah Sejahtera,620050
Provinsi Jawa Timur,Kab. Gresik,PT Bank Perekonomian Rakyat Syariah Mandiri Mitra Sukses,620126
Provinsi Jawa Timur,Kab. Sidoarjo,PT Bank Perekonomian Rakyat Syariah Baktimakmur Indah,620022
Provinsi Jawa Timur,Kab. Sidoarjo,PT Bank Perekonomian Rakyat Syariah Annisa Mukti,620135
Provinsi Jawa Timur,Kab. Sidoarjo,PT Bank Perekonomian Rakyat Syariah Unawi Barokah,620155
Provinsi Jawa Timur,Kab. Jombang,PT Bank Perekonomian Rakyat Syariah Lantabur Tebuireng,620098
Provinsi Jawa Timur,Kab. Sampang,PT Bank Perekonomian Rakyat Syariah Sampang Perseroda,620166
Provinsi Jawa Timur,Kab. Pamekasan,PT Bank Perekonomian Rakyat Syariah Sarana Prima Mandiri,620127
Provinsi Jawa Timur,Kab. Sumenep,PT Bank Perekonomian Rakyat Syariah Bhakti Sumekar Perseroda,620085
Provinsi Jawa Timur,Kab. Jember,PT. BPRS Asri Madani Nusantara,620033
Provinsi Jawa Timur,Kab. Malang,PT BPRS Bhakti Haji,620048
Provinsi Jawa Timur,Kab. Malang,PT Bank Perekonomian Rakyat Syariah Bumi Rinjani Kepanjen,620106
Provinsi Jawa Timur,Kab. Malang,PT Bank Perekonomian Rakyat Syariah Al Hijrah Thayibah,620198
Provinsi Jawa Timur,Kab. Pasuruan,PT Bank Perekonomian Rakyat Syariah Daya Artha Mentari,620056
Provinsi Jawa Timur,Kab. Pasuruan,PT BPRS Al Hidayah,620072
Provinsi Jawa Timur,Kab. Pasuruan,PT. BPRS Ummu,620074
Provinsi Jawa Timur,Kab. Pasuruan,PT. BPRS Jabal Tsur,620103
Provinsi Jawa Timur,Kab. Probolinggo,PT BPRS Bumi Rinjani Probolinggo,620105
Provinsi Jawa Timur,Kab. Kediri,PT Bank Perekonomian Rakyat Syariah Artha Pamenang,620147
Provinsi Jawa Timur,Kab. Kediri,PT Bank Perekonomian Rakyat Syariah Rahma Syariah,620150
Provinsi Jawa Timur,Kab. Kediri,PT Bank Perekonomian Rakyat Syariah Tunas Artha Jaya Abadi,620200
Provinsi Jawa Timur,Kab. Ngawi,PT Bank Perekonomian Rakyat Syariah Kabupaten Ngawi Perseroda,620183
Provinsi Jawa Timur,Kab. Magetan,PT BPRS Magetan (Perseroda),620165
Provinsi Jawa Timur,Kab. Ponorogo,PT Bank Perekonomian Rakyat Syariah Almabrur Babadan,620073
Provinsi Jawa Timur,Kab. Ponorogo,PT Bank Perekonomian Rakyat Syariah Mitra Mentari Sejahtera,620180
Provinsi Jawa Timur,Kab. Lamongan,PT Bank Perekonomian Rakyat Syariah Madinah,620139
Provinsi Jawa Timur,Kab. Situbondo,PT Bank Perekonomian Rakyat Syariah Situbondo,620081
Provinsi Jawa Timur,Kota Batu,PT Bank Perekonomian Rakyat Syariah Arsa Sejahtera,620079
Provinsi Jawa Timur,Kota Batu,PT BPRS Bumi Rinjani,620109
Provinsi Jawa Timur,Kota Surabaya,PT Bank Perekonomian Rakyat Syariah Karya Mugi Sentosa,620113
Provinsi Jawa Timur,Kota Surabaya,PT. BPRS Jabal Nur Tebuireng,620114
Provinsi Jawa Timur,Kota Mojokerto,PT BPRS Mojo Artho Kota Mojokerto Perseroda,620160
Provinsi Jawa Timur,Kota Malang,PT BPRS Bumi Rinjani Malang,620078
Provinsi Jawa Timur,Kota Malang,PT Bank Perekonomian Rakyat Syariah Mitra Harmoni Kota Malang,620153
Provinsi Jawa Timur,Kota Kediri,PT Bank Perekonomian Rakyat Syariah Tanmiya Artha,620130
Provinsi Bengkulu,Kab. Seluma,PT Bank Perekonomian Rakyat Syariah Muamalat Harkat,620052
Provinsi Bengkulu,Kota Bengkulu,PT. BPRS Safir,620090
Provinsi Bengkulu,Kota Bengkulu,PT Bank Perekonomian Rakyat Syariah Maslahat Dana Syariah Nusantara,620181
Provinsi Bengkulu,Kota Bengkulu,PT Bank Perekonomian Rakyat Syariah Fadhilah Kota Bengkulu (Perseroda),620184
Provinsi NAD,Kab. Aceh Besar,PT. BPRS Hareukat,620003
Provinsi NAD,Kab. Aceh Besar,PT Bank Perekonomian Rakyat Syariah Baiturrahman,620024
Provinsi NAD,Kab. Aceh Besar,PT Bank Perekonomian Rakyat Syariah Ingin Jaya,620203
Provinsi NAD,Kab. Pidie,PT Bank Perekonomian Rakyat Syariah Tengku Chiek Dipante,620025
Provinsi NAD,Kab. Aceh Tengah,PT Bank Pembiayaan Rakyat Syariah Gayo Perseroda,620120
Provinsi NAD,Kab. Aceh Jeumpa/Bireuen,PT BPRS Kota Juang Perseroda,620144
Provinsi NAD,Kab. Aceh Jeumpa/Bireuen,PT Bank Perekonomian Rakyat Syariah Rahmania Dana Sejahtera,620148
Provinsi NAD,Kota Banda Aceh,PT Bank Perekonomian Rakyat Syariah Hikmah Wakilah,620046
Provinsi NAD,Kota Banda Aceh,PT Bank Perekonomian Rakyat Syariah Taman Indah Darussalam,620158
Provinsi NAD,Kota Banda Aceh,PT Bank Perekonomian Rakyat Syariah Mustaqim Aceh Perseroda,620187
Provinsi NAD,Kota Banda Aceh,PT Bank Perekonomian Rakyat Syariah Arthaaceh Sejahtera,620192
Provinsi NAD,Kota Lhokseumawe,PT Bank Perekonomian Rakyat Syariah Rahmah Hijrah Agung,620049
Provinsi NAD,Kota Langsa,PT Bank Perekonomian Rakyat Syariah Adeco,620141
Provinsi NAD,Kota Langsa,PT Bank Perekonomian Rakyat Syariah Serambi Mekah,620152
Provinsi Sumatera Utara,Kab. Deli Serdang,PT Bank Perekonomian Rakyat Syariah Puduarta Insani,620058
Provinsi Sumatera Utara,Kab. Deli Serdang,PT Bank Perekonomian Rakyat Syariah Amanah Insan Cita,620145
Provinsi Sumatera Utara,Kab. Simalungun,PT Bank Perekonomian Rakyat Syariah Amanah Bangsa,620032
Provinsi Sumatera Utara,Kab. Simalungun,PT. BPRS Al-Yaqin,620092
Provinsi Sumatera Utara,Kab. Mandailing Natal,PT Bank Perekonomian Rakyat Syariah Sindanglaya Kotanopan,620111
Provinsi Sumatera Utara,Kota Medan,PT Bank Perekonomian Rakyat Syariah Al Washliyah,620036
Provinsi Sumatera Utara,Kota Medan,PT Bank Perekonomian Rakyat Syariah Gebu Prima,620055
Provinsi Sumatera Barat,Kab. Agam,PT Bank Perekonomian Rakyat Syariah Carana Kiat Andalas,620064
Provinsi Sumatera Barat,Kab. Agam,PT Bank Perekonomian Rakyat Syariah Ampek Angkek Candung,620071
Provinsi Sumatera Barat,Kab. Agam,PT BPRS Sungai PuaSyariah,620186
Provinsi Sumatera Barat,Kab. Agam,PT BANK PEREKONOMIAN RAKYAT SYARIAH MASYARAKAT LINTAU BUO,620196
Provinsi Sumatera Barat,Kab. Pasaman,PT Bank Perekonomian Rakyat Syariah Khatulistiwa,620201
Provinsi Sumatera Barat,Kab. Limapuluh Koto,PT BPRS Taeh Baruah,620190
Provinsi Sumatera Barat,Kab. Limapuluh Koto,PT BPRS Guguk Mas Makmur,620194
Provinsi Sumatera Barat,Kab. Tanah Datar,PT BPRS Haji Miskin,620099
Provinsi Sumatera Barat,Kab. Tanah Datar,PT Bank Perekonomian Rakyat Syariah Balerong Bunta,620197
Provinsi Sumatera Barat,Kab. Pasaman Barat,PT BPRS Mentari Pasaman Saiyo,620059
Provinsi Sumatera Barat,Kota Bukittinggi,PT Bank Pembiayaan Rakyat Syariah Jam Gadang Perseroda,620185
Provinsi Sumatera Barat,Kota Sawahlunto,PT BPRS Gajahtongga KotoPiliang,620162
Provinsi Sumatera Barat,Kota Solok,PT BPRS Barakah Nawaitul Ikhlas,620123
Provinsi Sumatera Barat,Kota Payakumbuh,PT BANK PEREKONOMIAN RAKYAT SYARIAH AL MAKMUR,620132
Provinsi Riau,Kab. Kampar,PT Bank Perekonomian Rakyat Syariah Berkah Dana Fadhlillah (Perseroda),620060
Provinsi Riau,Kab. Siak,PT BANK PEREKONOMIAN RAKYAT SYARIAH SIAK JAYA,620189
Provinsi Riau,Kota Pekanbaru,PT Bank Perekonomian Rakyat Syariah Hasanah,620041
Provinsi Sumatera Selatan,Kab. Banyuasin,PT Bank Perekonomian Rakyat Syariah Al Falah,620040
Provinsi Kep. Bangka Belitung,Kota Pangkal Pinang,PT Bank Perekonomian Rakyat Syariah Bangka Belitung,620076
Provinsi Kep. Riau,Kota Batam,PT Bank Perekonomian Rakyat Syariah Syarikat Madani,620121
Provinsi Kep. Riau,Kota Batam,PT Bank Perekonomian Rakyat Syariah Vitka Central,620134
Provinsi Lampung,Kab. Lampung Selatan,PT Bank Perekonomian Rakyat Syariah Kotabumi (Perseroda),620131
Provinsi Lampung,Kab. Lampung Selatan,PT Bank Perekonomian Rakyat Syariah Way Kanan (Perseroda),620157
Provinsi Lampung,Kab. Lampung Tengah,PT Bank Perekonomian Rakyat Syariah Rajasa Lampung Tengah (Perseroda),620129
Provinsi Lampung,Kab. Lampung Barat,PT Bank Perekonomian Rakyat Syariah Lampung Barat (Perseroda),620175
Provinsi Lampung,Kab. Tanggamus,PT Bank Perekonomian Rakyat Syariah Tanggamus (Perseroda),620082
Provinsi Lampung,Kab. Lampung Timur,PT Bank Perekonomian Rakyat Syariah Lampung Timur (Perseroda),620140
Provinsi Lampung,Kab. Lampung Timur,PT Bank Perekonomian Rakyat Syariah Aman Syariah,620173
Provinsi Lampung,Kab. Tulang Bawang Barat,PT Bank Perekonomian Rakyat Syariah Tani Tulang Bawang Barat (Perseroda),620176
Provinsi Lampung,Kota Bandar Lampung,PT Bank Perekonomian Rakyat Syariah Bandar Lampung (Perseroda),620051
Provinsi Lampung,Kota Bandar Lampung,PT Bank Perekonomian Rakyat Syariah Mitra Agro Usaha,620169
Provinsi Lampung,Kota Metro,PT Bank Perekonomian Rakyat Syariah Metro Madani,620091
Provinsi Kalimantan Selatan,Kab. Banjar,PT Bank Perekonomian Rakyat Syariah Barkah Gemadana,620013
Provinsi Kalimantan Timur,Kab. Kutai Kartanegara,PT Bank Perekonomian Rakyat Syariah Manfaatsyariah,620014
Provinsi Kalimantan Tengah,Kota Palangkaraya,PT BPRS Mitra Amanah,620170
Provinsi Sulawesi Tengah,Kab. Parimo/Banggai,PT Bank Perekonomian Rakyat Syariah Khairan Inti Amanah,620188
Provinsi Sulawesi Selatan,Kab. Gowa,PT Bank Perekonomian Rakyat Syariah Gowata,620065
Provinsi Sulawesi Selatan,Kab. Takalar,PT Bank Perekonomian Rakyat Syariah Surya Sejati,620031
Provinsi Sulawesi Selatan,Kota Makassar,PT Bank Perekonomian Rakyat Syariah Indo Timur,620010
Provinsi Sulawesi Selatan,Kota Makassar,PT Bank Perekonomian Rakyat Syariah Dana Moneter,620030
Provinsi Sulawesi Selatan,Kota Makassar,PT BANK PEREKONOMIAN RAKYAT SYARIAH NIAGA MADANI,620039
Provinsi Sulawesi Selatan,Kota Makassar,PT Bank Perekonomian Rakyat Syariah Investama Mega Bakti,620077
Provinsi Sulawesi Selatan,Kota Makassar,PT Bank Perekonomian Rakyat Syariah Harta Insan Karimah Fajar Nitro,620168
Provinsi Sulawesi Barat,Kab. Polewali Mandar,PT Bank Perekonomian Rakyat Syariah Nurul Ikhwan,620045
Provinsi Nusa Tenggara Barat,Kab. Lombok Tengah,PT Bank Perekonomian Rakyat Syariah Tulen Amanah,620009
Provinsi Nusa Tenggara Barat,Kota Mataram,PT. BANK PEREKONOMIAN RAKYAT SYARIAH PNM PATUH BERAMAL AMALI,620021
Provinsi Nusa Tenggara Barat,Kota Mataram,PT. BANK PEREKONOMIAN RAKYAT SYARIAH DINAR ASHRI,620104
Provinsi Bali,Kab. Badung,PT Bank Perekonomian Rakyat Syariah Fajar Sejahtera Bali,620026
Provinsi Papua,Kab. Jayapura,PT. BPRS Muamalat Yotefa,620067
Provinsi Maluku Utara,Kab. Halmahera Selatan,PT Bank Perekonomian Rakyat Syariah Saruma Sejahtera Halmahera Selatan,620182
Provinsi Maluku Utara,Kota Ternate,PT Bank Perekonomian Rakyat Syariah Bahari Berkesan,620164
Provinsi Maluku Utara,Kota Tidore Kepulauan,PT Bank Perekonomian Rakyat Syariah Bobato Lestari,620179
