Tahun,Bulan,Longitude,Latitude,Nama_BPR,Kabupaten_Kota,Provinsi,Kode_Bank,Total_Aset,Piutang_Murabahah,Piutang_Istishna,Piutang_Multijasa,Piutang_Qardh,Piutang_Sewa,Pembiayaan_Mudharabah,Pembiayaan_Musyarakah,Pembiayaan_Lainnya,Salam,Agunan_yang_Diambil_Alih,Tabungan_Wadiah,Tabungan_Mudharabah,Deposito_Mudharabah,Cadangan_Kerugian_Penurunan_Nilai_1,Cadangan_Kerugian_Penurunan_Nilai_2,Liabilitas_Segera,Liabilitas_kepada_BI,Liabilitas_kepada_Bank_Lain,Pembiayaan_Diterima,Liabilitas_Lainnya,Dana_Syirkah_Temporer,Pendapatan_setelah_distribusi_bagi_hasil,Pendapatan_dari_penyaluran_dana,Beban_Operasional,Zakat,Laba_Rugi_Bersih,KPMM,NPF_Neto,NPF_Gross,ROA,BOPO,FDR,Cash_Ratio,NI
2024,12,,,PT. BPRS Rif'atul Ummah,Kab. Bogor,Provinsi Jawa Barat,620068,29024453501.0,6896778281.0,0.0,11754084120.0,425389821.0,0.0,0.0,4721214569.0,0.0,0.0,162785798.0,9119747374.0,8.0,5949764279.0,0.0,1110767249.0,306685368.0,0.0,7700145459.0,475000000.0,197988262.0,0.0,1304489990.0,1572524516.0,3278646400.0,0.0,-1710971060.0,36.82,20.74,25.4,-5.89,197.42,104.51,10.2,36.82
2024,12,,,PT Bank Perekonomian Rakyat Syariah Amanah Insani,Kab. Bekasi,Provinsi Jawa Barat,620066,70879244336.0,48374439107.0,0.0,848250000.0,540310535.0,0.0,3137174692.0,0.0,0.0,0.0,0.0,18564740898.0,0.0,32790717660.0,0.0,1188718935.0,43123161.0,0.0,0.0,0.0,1019371386.0,0.0,7573950170.0,9869527332.0,8313598392.0,451398691.0,1323343389.0,72.94,21.38,23.17,1.62,89.24,103.01,24.25,72.94
2024,12,,,PT Bank Perekonomian Rakyat Syariah Botani Bina Rahmah,Kab. Bogor,Provinsi Jawa Barat,620061,142188559854.0,77775930697.0,180408024.0,20221094173.0,790197370.0,1526149.0,0.0,20879031073.0,0.0,0.0,2130750225.0,15976123938.0,25071129.0,38174531680.0,0.0,3361618267.0,1063167413.0,0.0,71728914388.0,520027380.0,1773632494.0,0.0,9340325830.0,16214353769.0,8782327368.0,0.0,2438850235.0,20.36,0.01,2.66,1.75,76.37,95.31,8.52,20.36
2024,12,,,PT Bank Perekonomian Rakyat Syariah Amanah Rabbaniah,Kab. Bandung,Provinsi Jawa Barat,620002,154176707307.0,89464843810.0,0.0,6399297053.0,4658434900.0,0.0,0.0,3689273735.0,0.0,0.0,0.0,45640733840.0,6782550094.0,63932063210.0,0.0,2967931387.0,1027460796.0,0.0,10750000000.0,9271961999.0,2181387998.0,0.0,15462955354.0,22257337048.0,13677871907.0,144000000.0,3735340517.0,19.85,2.43,4.79,3.29,88.69,75.33,21.36,19.85
2024,12,,,PT Bank Perekonomian Rakyat Syariah Gaido Indonesia,Kab. Cianjur,Provinsi Jawa Barat,620043,35623911462.0,25813061963.0,0.0,1780364999.0,0.0,0.0,163891331.0,907456140.0,0.0,0.0,0.0,7704731556.0,2383111284.0,6606000000.0,0.0,514791868.0,178333079.0,0.0,15350000000.0,1954777214.0,0.0,0.0,2321675079.0,4632533858.0,4380188175.0,0.0,-1669245589.0,5.7,6.5,7.95,-4.69,133.7,86.62,28.26,5.7
2024,12,,,PT Bank Perekonomian Rakyat Syariah Amanah Ummah,Kab. Bogor,Provinsi Jawa Barat,620004,530816012390.0,261371905751.0,24804826965.0,195248853.0,5098765456.0,871756822.0,0.0,54349573258.0,0.0,0.0,0.0,246999698986.0,16499708842.0,219578346926.0,0.0,8267682335.0,5229238507.0,0.0,2219905837.0,0.0,1363083789.0,0.0,43419816972.0,58688698095.0,33458682086.0,924000000.0,8840436829.0,18.91,1.42,3.63,2.39,79.8,71.96,27.32,18.91
2024,12,,,PT BPRS Bogor Tegar Beriman,Kab. Bogor,Provinsi Jawa Barat,620177,207788955453.0,152230509971.0,357494160.0,12803839182.0,0.0,0.0,0.0,34775421009.0,0.0,0.0,1082046753.0,11019122148.0,3098902400.0,55632261167.0,0.0,16481444114.0,573218243.0,0.0,33414000000.0,87745284344.0,3003915874.0,0.0,23057495240.0,30412468309.0,34805915476.0,0.0,-9872135659.0,11.69,7.17,14.95,-5.06,136.36,286.98,62.31,11.69
2024,12,,,PT. BPRS Gotong Royong,Kab. Subang,Provinsi Jawa Barat,620172,,,,,,,,,,,,,,,,,,,,,,,,,,,,,,,,,,,
2024,12,,,PT BPRS Berkah Amal Salman,Kota Bandung,Provinsi Jawa Barat,620001,,,,,,,,,,,,,,,,,,,,,,,,,,,,,,,,,,,
2024,12,,,PT Bank Perekonomian Rakyat Syariah Harta Insan Karimah Insan Cita,Kab. Bogor,Provinsi Jawa Barat,620069,293426511362.0,223938585691.0,0.0,2790842132.0,479616560.0,0.0,2142860468.0,19570506877.0,0.0,0.0,127029499.0,20982396067.0,8572012098.0,144086834788.0,0.0,2697166568.0,1353186129.0,0.0,64941842062.0,33180471745.0,998370014.0,0.0,19955781610.0,38264345081.0,23191904702.0,0.0,1940873949.0,14.85,2.06,2.68,0.91,93.61,91.6,9.55,14.85
2024,12,,,PT BPRS Berkah Amal Salman,Kota Bogor,Provinsi Jawa Barat,620001,,,,,,,,,,,,,,,,,,,,,,,,,,,,,,,,,,,
2024,12,,,PT Bank Perekonomian Rakyat Syariah Almasoem,Kab. Bandung,Provinsi Jawa Barat,620027,353022352140.0,144274220313.0,0.0,104649849369.0,25410144000.0,0.0,0.0,674999858.0,0.0,0.0,254250000.0,86457840998.0,8214915224.0,187249367820.0,0.0,6657382843.0,5984433506.0,0.0,22826042452.0,0.0,4163490976.0,0.0,33478545262.0,48254900153.0,26487201456.0,0.0,7553842003.0,16.76,2.71,5.13,97.55,81.1,97.55,12.06,16.76
2024,12,,,PT Bank Perekonomian Rakyat Syariah Al Ihsan,Kab. Bandung,Provinsi Jawa Barat,620044,92724397992.0,52217593735.0,0.0,645274549.0,25240000.0,0.0,0.0,0.0,0.0,0.0,1174008336.0,29176573536.0,0.0,41413271382.0,0.0,634044726.0,2375135945.0,0.0,11750000000.0,0.0,243211615.0,0.0,5424133819.0,8623910259.0,5678790195.0,0.0,1343003289.0,23.36,3.55,4.74,1.7,85.86,74.92,40.23,23.36
2024,12,,,PT Bank Perekonomian Rakyat Syariah Harta Insan Karimah Parahyangan,Kab. Bandung,Provinsi Jawa Barat,620054,1896593963209.0,826073214985.0,0.0,4337362874.0,47682344384.0,0.0,23738729950.0,679301305709.0,0.0,0.0,7359163864.0,99131238084.0,23037310881.0,1132739942574.0,0.0,19787124234.0,9086820397.0,0.0,83339030453.0,365775992762.0,0.0,0.0,112106819381.0,230102460834.0,107382606702.0,446700000.0,13095488058.0,17.07,3.57,4.11,0.92,92.8,92.79,21.48,17.07
2024,12,,,PT Bank Perekonomian Rakyat Syariah PNM Mentari,Kab. Garut,Provinsi Jawa Barat,620008,178810330821.0,105133180914.0,0.0,8216814026.0,17450911603.0,68822875.0,1790625000.0,16387467958.0,0.0,0.0,401246934.0,4615096384.0,16381440835.0,83279822356.0,0.0,1357799780.0,622738305.0,0.0,46463431132.0,4348189915.0,3252290152.0,0.0,16088405476.0,25648679107.0,15099571588.0,0.0,3393951195.0,22.8,3.25,3.75,2.42,85.68,142.94,12.68,22.8
2024,12,,,PT. BPRS Gotong Royong,Kota Sukabumi,Provinsi Jawa Barat,620172,,,,,,,,,,,,,,,,,,,,,,,,,,,,,,,,,,,
2024,12,,,PT Bank Perekonomian Rakyat Syariah Harum Hikmahnugraha,Kab. Garut,Provinsi Jawa Barat,620029,120873801698.0,82390692152.0,0.0,6730204036.0,1344070000.0,40497005.0,0.0,2320999526.0,0.0,0.0,0.0,29259388407.0,1302146799.0,50031540000.0,0.0,1285540316.0,131174727.0,0.0,27901001228.0,0.0,541159789.0,0.0,10268176972.0,15392546156.0,7699841320.0,0.0,2117884223.0,25.87,5.16,6.33,2.4,83.31,88.95,11.54,25.87
2024,12,,,PT BPRS SHADIQ AMANAH,Kota Cimahi,Provinsi Jawa Barat,620019,,,,,,,,,,,,,,,,,,,,,,,,,,,,,,,,,,,
2024,12,,,PT Bank Perekonomian Rakyat Syariah Baiturridha Pusaka,Kota Bandung,Provinsi Jawa Barat,620011,422310782792.0,39014932871.0,0.0,240655084485.0,18463600000.0,0.0,400000000.0,8921560097.0,0.0,0.0,0.0,16419562333.0,11236396726.0,226560365195.0,0.0,5675756699.0,7020643105.0,0.0,23300000000.0,87024745141.0,3827828477.0,0.0,58478353676.0,67882069788.0,37361572339.0,728384108.0,22129452466.0,20.7,0.05,1.22,9.13,61.89,120.7,30.91,20.7
2024,12,,,PT Bank Perekonomian Rakyat Syariah Mitra Harmoni Kota Bandung,Kota Bandung,Provinsi Jawa Barat,620161,36848680761.0,23444350548.0,0.0,1701748715.0,2132500000.0,3750000.0,0.0,0.0,0.0,0.0,132000000.0,4346205236.0,2278684028.0,15492122531.0,0.0,586090400.0,772426864.0,0.0,6441654432.0,0.0,97098531.0,0.0,4036828073.0,5294943495.0,4217201655.0,0.0,400718672.0,43.63,9.21,10.95,0.67,92.26,123.85,16.25,43.63
2024,12,,,PT Bank Perekonomian Rakyat Syariah Baiturridha Pusaka,Kota Bogor,Provinsi Jawa Barat,620011,422310782792.0,39014932871.0,0.0,240655084485.0,18463600000.0,0.0,400000000.0,8921560097.0,0.0,0.0,0.0,16419562333.0,11236396726.0,226560365195.0,0.0,5675756699.0,7020643105.0,0.0,23300000000.0,87024745141.0,3827828477.0,0.0,58478353676.0,67882069788.0,37361572339.0,728384108.0,22129452466.0,20.7,0.05,1.22,9.13,61.89,120.7,30.91,20.7
2024,12,,,PT Bank Perekonomian Rakyat Syariah Mitra Harmoni Kota Bandung,Kota Bogor,Provinsi Jawa Barat,620161,36848680761.0,23444350548.0,0.0,1701748715.0,2132500000.0,3750000.0,0.0,0.0,0.0,0.0,132000000.0,4346205236.0,2278684028.0,15492122531.0,0.0,586090400.0,772426864.0,0.0,6441654432.0,0.0,97098531.0,0.0,4036828073.0,5294943495.0,4217201655.0,0.0,400718672.0,43.63,9.21,10.95,0.67,92.26,123.85,16.25,43.63
2024,12,,,PT Bank Perekonomian Rakyat Syariah Alwadiah,Kota Tasikmalaya,Provinsi Jawa Barat,620037,66172798934.0,48801613420.0,0.0,0.0,0.0,0.0,23862185.0,5242000000.0,0.0,0.0,11228914486.0,1866190778.0,9918581045.0,31996362169.0,0.0,6430315520.0,70615996.0,0.0,15500000000.0,2500000000.0,439420227.0,0.0,4261737888.0,6168548464.0,10176862408.0,0.0,-5418696919.0,13.74,33.03,44.93,,210.41,123.54,8.19,13.74
2024,12,,,PT Bank Perekonomian Rakyat Syariah Almadinah Tasikmalaya Perseroda,Kota Tasikmalaya,Provinsi Jawa Barat,620156,84461560632.0,42818289167.0,489777788.0,2102082528.0,3312534492.0,0.0,0.0,21211810485.0,0.0,0.0,0.0,12951947643.0,11240816946.0,18850359253.0,0.0,2880462191.0,158467571.0,0.0,22950000000.0,0.0,1161871289.0,0.0,7429436668.0,10804405595.0,9454402643.0,11000000.0,610833833.0,40.62,16.51,33.68,0.88,95.18,162.48,24.4,40.62
2024,12,,,PT Bank Perekonomian Rakyat Syariah Daarul Hayat,Kota Cimahi,Provinsi Jawa Barat,620035,26485899444.0,9043009863.0,19826375564.0,152197203.0,328590491.0,0.0,0.0,186657340.0,0.0,0.0,0.0,2396720879.0,1125297640.0,7152147798.0,0.0,5929309642.0,602782040.0,0.0,7750000000.0,0.0,1380141.0,0.0,374408531.0,2349124283.0,9946827599.0,0.0,-7740109789.0,51.72,10.38,12.74,-16.76,184.81,160.32,17.36,51.72
2024,12,,,PT Bank Perekonomian Rakyat Syariah Albarokah,Kota Depok,Provinsi Jawa Barat,620053,70433523799.0,37826391588.0,0.0,538973940.0,0.0,0.0,737310734.0,17605859470.0,0.0,0.0,1471672598.0,2663895249.0,1215957980.0,43307676291.0,0.0,1026809193.0,79016701.0,0.0,15451462471.0,0.0,105048230.0,0.0,3961282205.0,6547388186.0,5890045334.0,0.0,864578132.0,20.47,2.71,3.89,1.42,90.39,118.82,69.31,20.47
2024,12,,,PT Bank Perekonomian Rakyat Syariah Hasanah Mandiri,Kota Depok,Provinsi Jawa Barat,620006,98595697468.0,83812171514.0,26576143745.0,5837184097.0,964614529.0,0.0,2841400175.0,2300000000.0,0.0,0.0,2686131300.0,1086081142.0,7113968438.0,51010746322.0,0.0,30717419681.0,10336975446.0,0.0,53335572654.0,3640179067.0,700903890.0,0.0,-1273703262.0,7402636516.0,36895439698.0,0.0,-29969451599.0,-0.52,0.06,0.31,-0.3,5.31,1.08,0.02,-0.52
2024,12,,,PT Bank Perekonomian Rakyat Syariah Alhijrah Amanah,Kota Depok,Provinsi Jawa Barat,620062,73911709172.0,36488264191.0,0.0,2029078365.0,1797871668.0,10261391.0,0.0,24299066177.0,0.0,0.0,488150000.0,8049367267.0,864566602.0,19797357964.0,0.0,1495022554.0,600140969.0,0.0,37770248051.0,472222218.0,203166151.0,0.0,4978052944.0,9278802471.0,5035949234.0,0.0,72784128.0,18.58,3.69,5.98,0.28,98.11,96.56,34.03,18.58
2024,12,,,PT Bank Perekonomian Rakyat Syariah Alsalaam Amal Salman,Kota Depok,Provinsi Jawa Barat,620101,363797360829.0,239747187862.0,7107647081.0,2894896836.0,459165744.0,0.0,605918622.0,20457202190.0,0.0,0.0,0.0,21784566391.0,54443549608.0,215488496279.0,0.0,3368598831.0,1907558990.0,0.0,5905388184.0,0.0,8271615886.0,0.0,48564453780.0,62101038323.0,44029673008.0,0.0,5563659724.0,28.26,0.07,0.79,2.08,89.23,92.99,8.19,28.26
2024,12,,,PT Bank Perekonomian Rakyat Syariah Riyal Irsyadi,Kota Bekasi,Provinsi Jawa Barat,620005,171079448157.0,75595345902.0,0.0,878891784.0,10833349.0,23619149.0,174078148.0,50052624276.0,0.0,0.0,7237341665.0,13349395256.0,11758282135.0,96713439000.0,0.0,3146244068.0,1129547116.0,0.0,23702154912.0,0.0,255347179.0,5850682026.0,13761082981.0,21161983672.0,14971885583.0,0.0,1360767387.0,22.99,3.13,5.53,2.24,89.03,108.49,10.12,22.99
2024,12,,,PT Bank Perekonomian Rakyat Syariah Harta Insan Karimah Bekasi,Kota Bekasi,Provinsi Jawa Barat,620015,244216023264.0,57660015815.0,0.0,10935140841.0,64923828.0,0.0,2077897000.0,174612830110.0,0.0,0.0,3308455817.0,21213839675.0,318740168.0,202773034294.0,0.0,29284544063.0,432630953.0,0.0,43442775040.0,3000000000.0,5042461604.0,0.0,2096532242.0,21168497155.0,55498388375.0,0.0,-52371052727.0,-29.73,39.76,51.48,-17.79,336.75,91.63,3.0,-29.73
2024,12,,,PT Bank Perekonomian Rakyat Syariah Harta Insan Karimah Cibitung,Kota Bekasi,Provinsi Jawa Barat,620020,513519321988.0,226173404317.0,6322299679.0,20194762925.0,551471451.0,0.0,7279258285.0,167990761898.0,0.0,0.0,0.0,23748642447.0,8175327048.0,358692850814.0,0.0,8605222924.0,5096504537.0,0.0,21976981849.0,39096875870.0,6403172716.0,0.0,34701618981.0,67900593309.0,37625950445.0,0.0,6595062384.0,17.67,9.63,11.25,1.25,90.71,94.87,12.14,17.67
2024,12,,,PT BPRS Hidayah,Wil. Kota Jakarta Barat,Provinsi DKI Jakarta,620119,,,,,,,,,,,,,,,,,,,,,,,,,,,,,,,,,,,
2024,12,,,PT BANK PEREKONOMIAN RAKYAT ARTHA MADANI,Kota Bekasi,Provinsi Jawa Barat,620088,469095153143.0,92200133723.0,241318291506.0,23850179387.0,407024034.0,0.0,0.0,8937295114.0,0.0,0.0,4137612646.0,16976825547.0,7487402866.0,152377832000.0,0.0,3503987545.0,1876720562.0,0.0,197515305161.0,71125094479.0,35370485.0,0.0,16249871586.0,50793621370.0,23609652418.0,0.0,35353095.0,16.21,1.3,2.26,0.02,99.83,191.65,1.87,16.21
2024,12,,,PT Bank Perekonomian Rakyat Syariah Patriot Bekasi Perseroda,Kota Bekasi,Provinsi Jawa Barat,620108,584049108451.0,280799811015.0,0.0,39582957305.0,260881109.0,0.0,5850682026.0,158879942647.0,0.0,0.0,16841679669.0,64948873527.0,2019756430.0,242972478566.0,0.0,15454455840.0,2236718748.0,0.0,45728567753.0,90335463377.0,35110707872.0,0.0,55990281209.0,77426422581.0,44031461640.0,0.0,10840882751.0,23.55,2.64,3.71,2.46,83.19,103.08,19.3,23.55
2024,12,,,PT Bank Perekonomian Rakyat Syariah Muamalah Cilegon,Kota Cilegon,Provinsi Banten,620034,90221940609.0,33931153895.0,1414105101.0,3372039752.0,0.0,0.0,0.0,5149037078.0,0.0,0.0,0.0,40799031075.0,4640593113.0,25902130000.0,0.0,1516620120.0,856389243.0,0.0,7137649885.0,0.0,152054725.0,0.0,9506736542.0,11411861674.0,6460378917.0,79264327.0,2483406002.0,40.14,3.72,6.58,4.53,69.08,55.9,26.04,40.14
2024,12,,,PT. BPRS Cilegon Mandiri,Kota Cilegon,Provinsi Banten,620080,143434098808.0,65461828954.0,173600000.0,903199862.0,280650000.0,172845818.0,1666666664.0,53627902345.0,0.0,0.0,470193750.0,4354192526.0,17469087827.0,65484198182.0,0.0,2614439513.0,612434029.0,0.0,3500598112.0,1899999997.0,2383100798.0,0.0,8622314751.0,14334693757.0,15103624730.0,0.0,-1894162853.0,78.98,965.0,11.34,-1.27,108.76,138.22,7.11,78.98
2024,12,,,PT Bank Perekonomian Rakyat Syariah Musyarakah Ummat Indonesia,Kota Tangerang,Provinsi Banten,620007,47652788989.0,39282663451.0,0.0,1133140107.0,37698426.0,0.0,440895418.0,205452462.0,0.0,0.0,402568353.0,1571937126.0,2524475960.0,17816687000.0,0.0,1557295971.0,421304452.0,0.0,24134162474.0,0.0,59181323.0,0.0,2397104641.0,6085090596.0,5992625779.0,0.0,-3440679384.0,10.48,5.26,6.4,-1.56,158.4,111.68,12.28,10.48
2024,12,,,PT BPRS Harta Insan Karimah,Kota Tangerang,Provinsi Banten,620012,745058030316.0,298570225362.0,0.0,60560990217.0,666227175.0,0.0,9650000000.0,211013161695.0,0.0,0.0,17399612500.0,39807930021.0,111835446820.0,507596911565.0,0.0,4090736820.0,1689750830.0,0.0,4532642715.0,0.0,6382892321.0,0.0,58385768966.0,94072611082.0,50019453458.0,277303002.0,8454734950.0,19.32,4.69,4.97,1.63,87.6,88.05,8.14,19.32
2024,12,,,PT Bank Perekonomian Rakyat Syariah Rizky Barokah,Kota Tangerang Selatan,Provinsi Banten,620199,76764705948.0,38091300120.0,0.0,6792497279.0,0.0,0.0,1322395838.0,8138960242.0,0.0,0.0,6870366666.0,220659336.0,2090163288.0,46369857670.0,0.0,232788721.0,644175374.0,0.0,14300000000.0,499358951.0,364502160.0,0.0,4417832450.0,8078626311.0,6032672468.0,0.0,1108845386.0,30.6,9.14,10.01,1.65,91.13,76.59,19.47,30.6
2024,12,,,PT Bank Perekonomian Rakyat Syariah Margirizki Bahagia,Kab. Bantul,Provinsi D.I. Yogyakarta,620017,39926146805.0,17197893239.0,0.0,0.0,0.0,0.0,0.0,11268515595.0,0.0,0.0,48333034.0,4705208808.0,3466158390.0,19659380000.0,0.0,1465896308.0,40253487.0,0.0,4789870067.0,0.0,109756378.0,0.0,3873561588.0,5106574870.0,3849272432.0,0.0,574524003.0,42.07,11.06,15.83,1.79,85.12,102.28,15.95,42.07
2024,12,,,PT Bank Perekonomian Rakyat Syariah Hijra Alami,Wil. Kota Jakarta Selatan,Provinsi DKI Jakarta,620138,220969840673.0,25912371199.0,8486393536.0,9706017000.0,0.0,0.0,10665535278.0,57204859653.0,0.0,0.0,0.0,29665012475.0,0.0,133183193606.0,0.0,1068162651.0,1376127419.0,0.0,7353355228.0,5000000000.0,5455507615.0,0.0,10670877122.0,19090930040.0,34037332193.0,0.0,-22288153230.0,49.1,0.76,0.94,-9.03,210.51,58.59,87.27,49.1
2024,12,,,PT Bank Perekonomian Rakyat Syariah Bangun Drajat Warga,Kab. Bantul,Provinsi D.I. Yogyakarta,620018,272666907626.0,121539471103.0,9178499440.0,1231921384.0,4166666.0,1396883028.0,7035633726.0,38769843202.0,0.0,0.0,0.0,76405268271.0,42352597562.0,92120022000.0,0.0,3503626385.0,5100804316.0,0.0,29069030747.0,0.0,402825841.0,0.0,18002470780.0,25532773212.0,13188367195.0,126199707.0,4039826145.0,27.49,3.26,4.55,2.76,73.85,92.16,17.3,27.49
2024,12,,,PT Bank Perekonomian Rakyat Syariah Madina Mandiri Sejahtera,Kab. Bantul,Provinsi D.I. Yogyakarta,620118,258893312715.0,51992600001.0,0.0,57021635418.0,7307334.0,0.0,2151277450.0,88674812172.0,0.0,0.0,1419204660.0,18120794743.0,8027109932.0,113625585000.0,0.0,4033198987.0,5653710410.0,0.0,72054287825.0,21293987790.0,2177347045.0,0.0,18659429090.0,31743635181.0,13335959271.0,0.0,5557117996.0,14.76,5.98,7.41,2.15,71.47,142.98,10.05,14.76
2024,12,,,PT Bank Perekonomian Rakyat Syariah Mitra Amal Mulia,Kab. Sleman,Provinsi D.I. Yogyakarta,620117,83853028869.0,41207375196.0,0.0,6124302266.0,211338367.0,323906563.0,445833321.0,3289295817.0,0.0,0.0,1022130223.0,2895566904.0,7021758945.0,38608934303.0,0.0,701258088.0,229643518.0,0.0,22444293984.0,4069117795.0,850331156.0,0.0,6494615622.0,10698225356.0,5709555749.0,20472735.0,817012255.0,19.65,4.49,5.19,1.34,83.97,84.41,13.41,19.65
2024,12,,,PT Bank Perekonomian Rakyat Syariah Danagung Syariah,Kab. Sleman,Provinsi D.I. Yogyakarta,620128,42598295173.0,11861322735.0,0.0,4286415101.0,0.0,1831398844.0,468229169.0,6855502392.0,0.0,0.0,475000000.0,1471086226.0,151039733.0,18746000000.0,0.0,312660921.0,259743272.0,0.0,10254035160.0,5576622500.0,0.0,0.0,1673229616.0,3310212126.0,2497151575.0,0.0,-73902349.0,31.09,24.06,24.78,-0.21,98.36,124.23,21.17,31.09
2024,12,,,PT Bank Perekonomian Rakyat Syariah Harta Insan Karimah Mitra Cahaya Indonesia,Kab. Sleman,Provinsi D.I. Yogyakarta,620133,301190203332.0,166291742644.0,0.0,5827699513.0,15533333.0,0.0,167000000.0,53096204101.0,0.0,0.0,521171455.0,31249488667.0,2566084096.0,143429512024.0,0.0,4756455966.0,200513339.0,0.0,84411455263.0,6207108883.0,1251448242.0,0.0,17318791307.0,31670071022.0,16653155270.0,0.0,3755608212.0,23.87,6.21,4.49,1.76,87.41,127.17,14.51,23.87
2024,12,,,PT Bank Perekonomian Rakyat Syariah Formes Sleman,Kab. Sleman,Provinsi D.I. Yogyakarta,620136,62663734698.0,24963551749.0,0.0,1255390000.0,100000000.0,119599600.0,587499900.0,8245664333.0,0.0,0.0,721453432.0,3236288599.0,11318321276.0,12393300000.0,0.0,704692272.0,391643484.0,0.0,26802608532.0,0.0,408605476.0,0.0,5542875269.0,6956540211.0,5124091926.0,0.0,1109893516.0,23.93,10.46,12.16,2.32,83.32,153.3,15.34,23.93
2024,12,,,PT Bank Perekonomian Rakyat Syariah Cahaya Hidup,Kab. Sleman,Provinsi D.I. Yogyakarta,620163,67347514712.0,37239366732.0,0.0,555261619.0,0.0,0.0,255193749.0,11079469696.0,0.0,0.0,0.0,2359452217.0,1415387424.0,29995050699.0,0.0,961627726.0,676205946.0,0.0,23044588132.0,0.0,178908860.0,0.0,4682989553.0,8149351693.0,3607748498.0,27460000.0,1296976922.0,33.66,10.64,12.18,2.61,81.42,145.48,12.14,33.66
2024,12,,,PT Bank Perekonomian Rakyat Syariah Sleman (Perseroda),Kab. Sleman,Provinsi D.I. Yogyakarta,620193,63551872705.0,31712285916.0,0.0,1863014185.0,0.0,0.0,0.0,11655331883.0,0.0,0.0,0.0,749486898.0,3914676827.0,23741400000.0,0.0,210040347.0,28724979.0,0.0,11911378399.0,0.0,231541901.0,0.0,4532797830.0,6189760730.0,3294914653.0,0.0,1257367741.0,97.39,8.48,8.51,2.74,51.41,159.23,23.82,97.39
2024,12,,,PT Bank Perekonomian Rakyat Syariah Dana Hidayatullah,Kota Yogyakarta,Provinsi D.I. Yogyakarta,620107,66987666540.0,30958123589.0,0.0,8029210.0,0.0,656601156.0,0.0,12370293145.0,0.0,0.0,0.0,1177549321.0,10228160585.0,28110400000.0,0.0,1277507064.0,31182548.0,0.0,14006954330.0,4772207998.0,349265176.0,0.0,4290324940.0,6549963078.0,3886780457.0,0.0,902624877.0,31.94,2.99,5.42,1.88,85.38,111.33,25.93,31.94
2024,12,,,PT BPRS Saka Dana Mulia,Kab. Kudus,Provinsi Jawa Tengah,620167,,,,,,,,,,,,,,,,,,,,,,,,,,,,,,,,,,,
2024,12,,,PT Bank Perekonomian Rakyat Syariah Barokah Dana Sejahtera,Kota Yogyakarta,Provinsi D.I. Yogyakarta,620115,261381711970.0,76254796351.0,1503434257.0,2150175170.0,239613850.0,81655530.0,2290862099.0,106081021249.0,0.0,0.0,1429501622.0,48032859156.0,25035604532.0,137032918817.0,0.0,2294616699.0,1824505061.0,0.0,23797890077.0,3808751852.0,1725640346.0,0.0,13459863656.0,24548841657.0,12056767346.0,0.0,2811355204.0,14.68,4.83,5.43,1.48,87.49,89.76,16.78,14.68
2024,12,,,PT Bank Perekonomian Rakyat Syariah Mitra Harmoni Yogyakarta,Kota Yogyakarta,Provinsi D.I. Yogyakarta,620149,110590501082.0,42976337576.0,0.0,56511500.0,0.0,930815800.0,11014000000.0,4102991016.0,0.0,0.0,0.0,12478484409.0,18292188081.0,50905580200.0,0.0,980321933.0,432209068.0,0.0,20078447786.0,460877692.0,269836266.0,0.0,6953927255.0,13010637389.0,8164578620.0,0.0,709369407.0,17.0,9.13,10.04,0.89,91.85,108.94,16.18,17.0
2024,12,,,PT Bank Perekonomian Rakyat Syariah Unisia Insan Indonesia,Kota Yogyakarta,Provinsi D.I. Yogyakarta,620178,173135511658.0,81941351481.0,0.0,1004436350.0,1159500000.0,0.0,1322527242.0,39934171787.0,0.0,0.0,0.0,10490171987.0,12517473908.0,101547195226.0,0.0,828159897.0,1089151855.0,0.0,29955569148.0,0.0,35857159.0,0.0,8029539406.0,15892055935.0,6563444680.0,0.0,1900599976.0,31.33,4.23,4.32,1.52,85.91,100.71,16.51,31.33
2024,12,,,PT Bank Perekonomian Rakyat Syariah Artha Amanah Ummat,Kab. Semarang,Provinsi Jawa Tengah,620116,88329159550.0,39754596771.0,0.0,603648849.0,0.0,0.0,0.0,32189596294.0,0.0,0.0,325284830.0,1339695148.0,7875670152.0,39418757000.0,0.0,672634672.0,63597947.0,0.0,26222250748.0,4082522095.0,1182689470.0,0.0,5603306088.0,10512839468.0,4493094346.0,46659986.0,1503556292.0,18.16,4.82,5.55,2.14,83.64,149.0,13.95,18.16
2024,12,,,PT. BPRS Asad Alif,Kab. Kendal,Provinsi Jawa Tengah,620070,81712470676.0,57164421723.0,0.0,1076639929.0,0.0,0.0,0.0,9373352000.0,0.0,0.0,2169595000.0,1748167905.0,19296488164.0,30665967000.0,0.0,479763308.0,11664700.0,0.0,19221208635.0,2326994209.0,998850087.0,0.0,5737122720.0,9494875413.0,6072778332.0,10346550.0,512164326.0,20.7,4.56,4.86,0.82,85.68,130.76,23.7,20.7
2024,12,,,PT Bank Perekonomian Rakyat Syariah Gala Mitra Abadi,Kab. Grobogan,Provinsi Jawa Tengah,620063,96765376484.0,66256509575.0,0.0,9405295416.0,664685000.0,0.0,940147473.0,10125727406.0,0.0,0.0,535992773.0,11322445217.0,5111025081.0,30390685000.0,0.0,732296896.0,323166417.0,0.0,36111421101.0,4776649626.0,1012754888.0,0.0,8403012781.0,15033636191.0,7781928844.0,0.0,641878093.0,17.81,4.48,4.85,0.83,94.19,186.64,9.46,17.81
2024,12,,,PT. BPRS Artha Mas Abadi,Kab. Pati,Provinsi Jawa Tengah,620100,68036838739.0,36686665501.0,3000000.0,1248469565.0,5000000.0,0.0,0.0,11533231300.0,0.0,0.0,0.0,21895756703.0,7574460601.0,23301177917.0,0.0,993161647.0,62559610.0,0.0,4795100571.0,0.0,1858965847.0,0.0,8832026628.0,11042085051.0,7386398685.0,60952404.0,1958884222.0,21.09,1.98,3.51,3.99,80.06,93.76,52.37,21.09
2024,12,,,PT Bank Perekonomian Rakyat Syariah Harta Insan Karimah Jawa Tengah,Kab. Banyumas,Provinsi Jawa Tengah,620089,54676923308.0,23415626898.0,0.0,6591622237.0,1248296000.0,0.0,0.0,5151242839.0,0.0,0.0,0.0,2596588569.0,2702052741.0,21306798299.0,0.0,2107626100.0,84542581.0,0.0,19994232677.0,2794434151.0,89068432.0,0.0,2898560097.0,4636377001.0,4974191209.0,0.0,-1122195002.0,32.33,0.79,6.11,-2.86,128.44,85.23,39.02,32.33
2024,12,,,PT Bank Perekonomian Rakyat Syariah Bina Amanah Satria,Kab. Banyumas,Provinsi Jawa Tengah,620087,107591769272.0,65670312727.0,0.0,5560892385.0,350863491.0,68983709.0,0.0,1571517505.0,0.0,0.0,1090765192.0,26183929666.0,11216101639.0,37413793500.0,0.0,897666955.0,114484867.0,0.0,17748709334.0,3355030329.0,522693762.0,0.0,9052143960.0,13451618095.0,6379700313.0,0.0,2287975880.0,22.7,9.39,10.18,2.81,78.62,97.87,11.52,22.7
2024,12,,,PT Bank Perekonomian Rakyat Syariah Arta Leksana,Kab. Banyumas,Provinsi Jawa Tengah,620110,75384757545.0,40039106686.0,985435662.0,1446133348.0,423961000.0,0.0,264999979.0,9713249064.0,0.0,0.0,170000000.0,22306206023.0,5714597485.0,25583500000.0,0.0,683268718.0,163445824.0,0.0,10197913710.0,2567333293.0,551607545.0,0.0,5548166886.0,7899467609.0,4649315350.0,0.0,1131399438.0,23.79,11.0,12.0,1.99,83.8,98.65,44.67,23.79
2024,12,,,PT Bank Perekonomian Rakyat Syariah Gunung Slamet,Kab. Banyumas,Provinsi Jawa Tengah,620146,167990701694.0,122832960542.0,988308936.0,3042336277.0,632000000.0,0.0,125000015.0,14878404882.0,0.0,0.0,0.0,24586865193.0,8000703136.0,111367100000.0,0.0,1057521348.0,2047725063.0,0.0,8040670398.0,0.0,1593219916.0,0.0,11493036654.0,18965243337.0,12548581276.0,0.0,1172952523.0,19.36,9.73,9.73,0.95,92.54,98.99,10.67,19.36
2024,12,,,PT Bank Perekonomian Rakyat Syariah Suriyah,Kab. Cilacap,Provinsi Jawa Tengah,620086,354452123619.0,175047107521.0,100444404.0,47262564553.0,57000000.0,27428463.0,3886163873.0,61176534065.0,0.0,0.0,281416665.0,62071258426.0,14529864727.0,161791151767.0,0.0,6566977069.0,2852242270.0,0.0,71113009379.0,12216478717.0,303824420.0,0.0,23587260797.0,42439939190.0,20216220608.0,165798881.0,6289762979.0,16.79,11.37,13.12,2.42,82.57,121.68,12.26,16.79
2024,12,,,PT Bank Perekonomian Rakyat Syariah Bumi Artha Sampang,Kab. Cilacap,Provinsi Jawa Tengah,620112,108568113298.0,68819372310.0,0.0,302661667.0,0.0,0.0,8450000000.0,6814660246.0,0.0,0.0,0.0,15149479086.0,6907600469.0,63977080000.0,0.0,902475990.0,276154740.0,0.0,12894841085.0,0.0,535231307.0,0.0,6797956227.0,12463063572.0,6061002865.0,0.0,1225245377.0,22.25,7.68,8.31,1.53,89.14,98.09,12.66,22.25
2024,12,,,PT Bank Perekonomian Rakyat Syariah Bangun Arta,Kab. Cilacap,Provinsi Jawa Tengah,620195,75735548112.0,31961481758.0,0.0,6605134260.0,0.0,0.0,0.0,11939800856.0,0.0,0.0,0.0,677410671.0,35094256531.0,26707170000.0,0.0,1767630974.0,113675511.0,0.0,0.0,0.0,510606760.0,0.0,6745266976.0,8770114056.0,11732342315.0,0.0,761637179.0,30.39,15.64,18.73,1.09,106.13,68.72,22.42,30.39
2024,12,,,PT Bank Perekonomian Rakyat Syariah Buana Mitra Perwira,Kab. Purbalingga,Provinsi Jawa Tengah,620083,333646337022.0,158894738335.0,10899382354.0,5223992402.0,9968087367.0,0.0,1231250001.0,96540160316.0,0.0,0.0,400000000.0,68699460952.0,22807239689.0,159028970000.0,0.0,2663691337.0,1916351400.0,0.0,33274552460.0,18982976946.0,3553272592.0,0.0,19988992086.0,34589223509.0,17830146930.0,161897586.0,4929823828.0,15.35,6.75,7.24,1.98,80.94,93.38,26.09,15.35
2024,12,,,PT Bank Perekonomian Rakyat Syariah Meru Nusantara Mandiri,Kab. Magelang,Provinsi Jawa Tengah,620143,70459992697.0,12118002966.0,0.0,4112862603.0,143265000.0,0.0,777150000.0,20884571937.0,0.0,0.0,697762622.0,9830515811.0,10687747440.0,37270814000.0,0.0,606911968.0,121359536.0,0.0,4720664500.0,0.0,163075055.0,0.0,3600819804.0,5270245459.0,3056678515.0,0.0,1115593124.0,29.04,5.4,6.6,2.17,79.16,65.82,13.95,29.04
2024,12,,,PT. BPRS Ikhsanul Amal,Kab. Kebumen,Provinsi Jawa Tengah,620047,31101241925.0,17849701006.0,0.0,110791658.0,0.0,0.0,0.0,4430080056.0,0.0,0.0,738653771.0,3391546214.0,13534686305.0,6516000000.0,0.0,465751769.0,28087365.0,0.0,2599153677.0,0.0,184486674.0,0.0,1844110730.0,2591839030.0,2001571083.0,2434156.0,84489545.0,41.5,18.63,20.71,0.34,103.93,95.51,30.11,41.5
2024,12,,,PT Bank Perekonomian Rakyat Syariah Almabrur Klaten,Kab. Klaten,Provinsi Jawa Tengah,620142,260816047037.0,64396731139.0,0.0,8217155215.0,294311805.0,0.0,1775738809.0,80157747469.0,0.0,0.0,368817138.0,6507307063.0,73319887674.0,141790422000.0,0.0,1045683265.0,1584904080.0,0.0,7098181235.0,0.0,3163619369.0,0.0,16545680448.0,25805689793.0,8032435081.0,241919623.0,7518772900.0,28.74,2.18,2.31,3.55,64.35,70.34,11.23,28.74
2024,12,,,PT Bank Perekonomian Rakyat Syariah Dharma Kuwera,Kab. Klaten,Provinsi Jawa Tengah,620159,101978042511.0,59328232824.0,0.0,7548263213.0,865000000.0,0.0,0.0,12271240467.0,0.0,0.0,1234853924.0,8046938018.0,6279468115.0,49836373724.0,0.0,509313374.0,660369940.0,0.0,20688520561.0,3936610679.0,618473545.0,0.0,5916224833.0,11332097855.0,5223151005.0,0.0,1058102177.0,24.84,2.66,2.85,1.57,78.1,124.7,13.45,24.84
2024,12,,,PT Bank Perekonomian Rakyat Syariah Sukowati Sragen (Perseroda),Kab. Sragen,Provinsi Jawa Tengah,620124,440878241806.0,147523081561.0,0.0,44221034706.0,30000000.0,0.0,472222218.0,180886648016.0,0.0,0.0,5373885762.0,70514028887.0,36075654046.0,198274543694.0,0.0,10414333403.0,13020887810.0,0.0,77060732731.0,1167342000.0,2349285049.0,0.0,35986245536.0,57136642608.0,26073273678.0,0.0,9302154089.0,24.05,0.17,2.96,2.83,79.98,111.45,33.4,24.05
2024,12,,,PT Bank Perekonomian Rakyat Syariah Insan Madani,Kab. Sukoharjo,Provinsi Jawa Tengah,620154,55676980658.0,18567681822.0,0.0,0.0,0.0,0.0,0.0,25081426630.0,0.0,0.0,0.0,2559669828.0,4487858033.0,32091694060.0,0.0,171292553.0,39797101.0,0.0,7338412528.0,0.0,615110067.0,0.0,2000250411.0,4345016636.0,3250075403.0,0.0,-746143398.0,37.09,20.99,21.0,-1.42,115.37,111.52,9.19,37.09
2024,12,,,PT BPRS Artha Surya Barokah,Kota Semarang,Provinsi Jawa Tengah,620084,313916645423.0,145086484213.0,0.0,9412053652.0,3474555900.0,0.0,799170735.0,92714195515.0,0.0,0.0,381296296.0,65075176629.0,28253204004.0,172454890000.0,0.0,3549486746.0,1341045931.0,0.0,7325941371.0,0.0,8100060002.0,0.0,18556516775.0,30349716394.0,18298365874.0,186169658.0,6116998483.0,21.35,1.77,3.18,2.44,79.3,94.62,15.75,21.35
2024,12,,,PT BPRS Bina Finansia,Kota Semarang,Provinsi Jawa Tengah,620102,62533740689.0,38644909463.0,0.0,509635873.0,0.0,0.0,0.0,16543877533.0,0.0,0.0,1104508772.0,0.0,16332507544.0,22334246442.0,0.0,286732335.0,390910287.0,0.0,14788189318.0,0.0,385893092.0,0.0,4206465891.0,6677235298.0,3942163202.0,0.0,699346223.0,,,3.84,3.93,0.31,,,
2024,12,,,PT. BPRS Mitra Harmoni Kota Semarang,Kota Semarang,Provinsi Jawa Tengah,620151,70334049303.0,42519588575.0,0.0,759538400.0,0.0,475531200.0,440000000.0,8586007317.0,0.0,0.0,0.0,4397403692.0,8257413259.0,22757000000.0,0.0,1319282500.0,124744649.0,0.0,22772317408.0,2281691199.0,387956375.0,0.0,6051851515.0,9718628243.0,6997983898.0,0.0,838656904.0,37.17,13.05,14.6,1.66,91.91,167.84,13.22,37.17
2024,12,,,PT Bank Perekonomian Rakyat Syariah Kedung Arto,Kota Semarang,Provinsi Jawa Tengah,620191,370088520092.0,230752324501.0,0.0,6433996026.0,0.0,0.0,0.0,53497736270.0,0.0,0.0,117999996.0,50173558158.0,6886338686.0,215020287377.0,0.0,1993180293.0,1480202516.0,0.0,69250000000.0,1447054888.0,866890836.0,0.0,24125082767.0,42708882491.0,24060518020.0,0.0,4538804486.0,18.31,4.7,4.98,1.63,88.75,106.84,12.8,18.31
2024,12,,,PT Bank Perekonomian Rakyat Syariah Dana Mulia,Kota Surakarta/Solo,Provinsi Jawa Tengah,620122,38932763093.0,19531853684.0,0.0,5901750398.0,13500000.0,0.0,0.0,10539907935.0,0.0,0.0,0.0,4026529640.0,9368268801.0,21145283374.0,0.0,1026173877.0,27083019.0,0.0,3921224476.0,0.0,828373040.0,0.0,1869679082.0,3848924432.0,4062546937.0,0.0,-6431897898.0,-1.11,23.87,27.94,-16.52,136.97,93.57,2.26,-1.11
2024,12,,,PT Bank Perekonomian Rakyat Syariah Hikmah Bahari,Kota Tegal,Provinsi Jawa Tengah,620174,214738259656.0,106602297274.0,0.0,32363688600.0,0.0,0.0,1608631476.0,30154480486.0,0.0,0.0,0.0,18947342767.0,987617040.0,79058000000.0,0.0,5127765866.0,647416399.0,0.0,57083305036.0,25197254787.0,856962080.0,0.0,21529296848.0,35091380012.0,21693413634.0,73511420.0,1366531956.0,27.84,7.69,9.98,0.93,94.57,94.18,13.55,27.84
2024,12,,,PT Bank Perekonomian Rakyat Syariah Dana Amanah Surakarta,Kota Surakarta/Solo,Provinsi Jawa Tengah,620125,208624919566.0,75860381731.0,6740984399.0,9190530408.0,3765006952.0,0.0,33271445.0,43435854668.0,0.0,0.0,494054309.0,13257835834.0,31749174969.0,72802354612.0,0.0,2111032561.0,493087878.0,0.0,38584609327.0,31672942866.0,4244236929.0,0.0,10611548736.0,18368468522.0,7380779476.0,0.0,3546029470.0,15.59,1.96,3.0,2.48,77.78,118.01,6.54,15.59
2024,12,,,PT Bank Perekonomian Rakyat Syariah Central Syariah Utama,Kota Surakarta/Solo,Provinsi Jawa Tengah,620137,106306106486.0,43319866697.0,0.0,38489129787.0,26220000.0,27069212.0,0.0,5595226771.0,0.0,0.0,48194237.0,25491817741.0,4379539055.0,32477500000.0,0.0,2176553198.0,2487901428.0,0.0,32071617817.0,0.0,299304737.0,0.0,4352486694.0,7896975409.0,3763036748.0,0.0,1112154327.0,23.11,1.72,3.77,1.16,87.41,140.62,16.96,23.11
2024,12,,,PT Bank Perekonomian Rakyat Syariah Hikmah Khazanah,Kota Surakarta/Solo,Provinsi Jawa Tengah,620171,276732274694.0,107871385834.0,0.0,10071911722.0,1525000000.0,0.0,0.0,103311104019.0,0.0,0.0,0.0,24336385747.0,7071860006.0,131191787237.0,0.0,11261191404.0,506837227.0,0.0,43734196015.0,28720338993.0,5357145230.0,0.0,17410220096.0,32156552188.0,20459461931.0,130546001.0,4010638196.0,27.4,0.92,3.97,1.95,87.02,137.01,10.96,27.4
2024,12,,,PT Bank Perekonomian Rakyat Syariah Amanah Sejahtera,Kab. Gresik,Provinsi Jawa Timur,620050,100408679243.0,48053774272.0,0.0,1163037171.0,1399719840.0,0.0,4110232860.0,20452607399.0,0.0,0.0,0.0,30387972562.0,35799277050.0,20114004000.0,0.0,2037769092.0,41380768.0,0.0,1269311197.0,0.0,523266027.0,0.0,8204825174.0,9465760206.0,9462223916.0,0.0,-509971567.0,22.35,13.13,15.35,-0.5,104.86,87.11,10.95,22.35
2024,12,,,PT Bank Perekonomian Rakyat Syariah Mandiri Mitra Sukses,Kab. Gresik,Provinsi Jawa Timur,620126,66535318438.0,11068794054.0,0.0,0.0,36722815891.0,0.0,0.0,7983231536.0,0.0,0.0,2273811724.0,1844495396.0,25811430084.0,23832100000.0,0.0,1910505038.0,145824781.0,0.0,11621623953.0,0.0,154178167.0,0.0,6608912319.0,7660218032.0,7630685103.0,0.0,-865536885.0,12.87,18.31,21.24,-1.3,100.51,108.33,11.82,12.87
2024,12,,,PT Bank Perekonomian Rakyat Syariah Baktimakmur Indah,Kab. Sidoarjo,Provinsi Jawa Timur,620022,136934953143.0,45925923747.0,0.0,8668569808.0,2813000000.0,0.0,0.0,35338535495.0,0.0,0.0,6764629300.0,6729591087.0,70618010851.0,26420300000.0,0.0,4605836651.0,154566711.0,0.0,4171546578.0,0.0,2972045335.0,0.0,9076183878.0,10729232523.0,12565246243.0,0.0,-2440788634.0,30.86,33.33,37.97,-1.79,120.63,89.44,24.86,30.86
2024,12,,,PT. BPRS Asri Madani Nusantara,Kab. Jember,Provinsi Jawa Timur,620033,,,,,,,,,,,,,,,,,,,,,,,,,,,,,,,,,,,
2024,12,,,PT Bank Perekonomian Rakyat Syariah Annisa Mukti,Kab. Sidoarjo,Provinsi Jawa Timur,620135,18190451323.0,10766287825.0,0.0,0.0,0.0,0.0,0.0,2550554660.0,0.0,0.0,0.0,0.0,3338285729.0,5270200000.0,0.0,314492690.0,120769993.0,0.0,2301712271.0,0.0,532316177.0,0.0,2437008196.0,3016311455.0,2330674252.0,9563980.0,327031820.0,57.48,6.61,8.43,2.12,88.47,154.69,35.52,57.48
2024,12,,,PT Bank Perekonomian Rakyat Syariah Unawi Barokah,Kab. Sidoarjo,Provinsi Jawa Timur,620155,17236657607.0,10704060361.0,0.0,1372057057.0,0.0,0.0,0.0,1781377600.0,0.0,0.0,0.0,212661323.0,2761615313.0,1114111000.0,0.0,110127713.0,30481838.0,0.0,8701821031.0,0.0,227504358.0,0.0,1305262970.0,1663655977.0,1193438249.0,6983398.0,259405303.0,47.05,5.61,5.95,2.23,83.93,338.95,41.64,47.05
2024,12,,,PT Bank Perekonomian Rakyat Syariah Lantabur Tebuireng,Kab. Jombang,Provinsi Jawa Timur,620098,362975841929.0,130993672150.0,0.0,11871252631.0,4126648049.0,0.0,0.0,79909382432.0,0.0,0.0,3569638633.0,5564415425.0,155725108803.0,159678775000.0,0.0,6756655316.0,1960497670.0,0.0,4313908819.0,0.0,2209029900.0,0.0,24132861295.0,36246593387.0,16955330022.0,197057444.0,7260320813.0,14.11,15.63,18.14,2.62,75.96,70.69,11.98,14.11
2024,12,,,PT Bank Perekonomian Rakyat Syariah Sampang Perseroda,Kab. Sampang,Provinsi Jawa Timur,620166,255450882430.0,95597227799.0,0.0,1471397223.0,39996039748.0,0.0,629219987.0,47814910636.0,0.0,0.0,4551105998.0,63289981638.0,33038576.0,45479695470.0,0.0,889312281.0,243993504.0,0.0,44762957277.0,67169495147.0,1163413752.0,0.0,12226770761.0,21463301919.0,15365211402.0,42413844.0,1654139922.0,24.14,3.25,3.29,1.83,82.63,84.08,26.34,24.14
2024,12,,,PT BPRS Al Hidayah,Kab. Pasuruan,Provinsi Jawa Timur,620072,,,,,,,,,,,,,,,,,,,,,,,,,,,,,,,,,,,
2024,12,,,PT Bank Perekonomian Rakyat Syariah Sarana Prima Mandiri,Kab. Pamekasan,Provinsi Jawa Timur,620127,77522338008.0,21832657328.0,0.0,0.0,5208359709.0,1.0,27351086517.0,435744261.0,0.0,0.0,0.0,23813666688.0,1252749568.0,30103001000.0,0.0,1145877433.0,0.0,0.0,7670530499.0,0.0,1314489782.0,0.0,489901178.0,2259310908.0,5612568010.0,0.0,-442280061.0,22.53,38.16,39.86,-0.61,107.91,101.5,13.59,22.53
2024,12,,,PT. BPRS Ummu,Kab. Pasuruan,Provinsi Jawa Timur,620074,,,,,,,,,,,,,,,,,,,,,,,,,,,,,,,,,,,
2024,12,,,PT. BPRS Jabal Tsur,Kab. Pasuruan,Provinsi Jawa Timur,620103,,,,,,,,,,,,,,,,,,,,,,,,,,,,,,,,,,,
2024,12,,,PT BPRS Bumi Rinjani Probolinggo,Kab. Probolinggo,Provinsi Jawa Timur,620105,,,,,,,,,,,,,,,,,,,,,,,,,,,,,,,,,,,
2024,12,,,PT Bank Perekonomian Rakyat Syariah Bhakti Sumekar Perseroda,Kab. Sumenep,Provinsi Jawa Timur,620085,1088136827063.0,501311895075.0,3664931014.0,8592590394.0,101024046575.0,1931953656.0,10339820668.0,15431488000.0,0.0,0.0,0.0,278003417670.0,9085531974.0,544484692169.0,0.0,19164952459.0,6184705053.0,0.0,3000000000.0,25099361223.0,14431714665.0,0.0,71625082060.0,108431064943.0,63480225882.0,0.0,11070275061.0,41.56,7.25,9.99,1.41,85.61,77.64,52.27,41.56
2024,12,,,PT BPRS Bhakti Haji,Kab. Malang,Provinsi Jawa Timur,620048,12620066129.0,4639059216.0,0.0,1183950427.0,0.0,0.0,0.0,5987659327.0,0.0,0.0,0.0,899363179.0,1106313667.0,2007000000.0,0.0,121894139.0,38208659.0,0.0,3484982888.0,0.0,72565978.0,0.0,1350112203.0,1600525626.0,825750837.0,11741295.0,394502253.0,56.98,8.19,9.17,4.21,63.32,95.39,26.87,56.98
2024,12,,,PT Bank Perekonomian Rakyat Syariah Bumi Rinjani Kepanjen,Kab. Malang,Provinsi Jawa Timur,620106,76246530287.0,48764115664.0,0.0,357969266.0,0.0,569863434.0,0.0,1631712371.0,0.0,0.0,100000000.0,2211825771.0,16594332656.0,38911225000.0,0.0,2900099000.0,267754825.0,0.0,6505668476.0,0.0,1333100146.0,0.0,9789455234.0,13865961999.0,9385921096.0,44432000.0,1381130228.0,22.17,8.58,13.11,2.34,89.36,99.64,28.5,22.17
2024,12,,,PT Bank Perekonomian Rakyat Syariah Al Hijrah Thayibah,Kab. Malang,Provinsi Jawa Timur,620198,70504127449.0,8550933416.0,0.0,4367424610.0,0.0,0.0,28630365312.0,226782111.0,0.0,0.0,0.0,310523862.0,29903183219.0,29835162590.0,0.0,322182113.0,270043588.0,0.0,0.0,0.0,294241577.0,0.0,3080254616.0,4073464595.0,2664823610.0,0.0,1284162613.0,30.36,2.6,2.87,3.25,71.62,69.57,47.43,30.36
2024,12,,,PT Bank Perekonomian Rakyat Syariah Daya Artha Mentari,Kab. Pasuruan,Provinsi Jawa Timur,620056,22428310770.0,11905384579.0,0.0,3774770157.0,255089663.0,0.0,418172827.0,486947739.0,0.0,0.0,312000000.0,2606811523.0,8530345485.0,5339500000.0,0.0,286795843.0,4551280.0,0.0,2576094509.0,0.0,245005063.0,0.0,2173431444.0,2445617214.0,2955759008.0,1848368.0,72086337.0,28.83,8.2,9.9,0.36,98.97,88.39,31.79,28.83
2024,12,,,PT Bank Perekonomian Rakyat Syariah Artha Pamenang,Kab. Kediri,Provinsi Jawa Timur,620147,58005882993.0,29756065854.0,0.0,8475868381.0,0.0,0.0,0.0,6873558639.0,0.0,0.0,0.0,2137349375.0,4073264862.0,40001949600.0,0.0,1501615082.0,281754382.0,0.0,64166132.0,0.0,2309368820.0,0.0,8110148580.0,10619957733.0,7932584704.0,42364567.0,1432476405.0,27.63,9.14,12.02,2.97,87.97,97.47,62.08,27.63
2024,12,,,PT Bank Perekonomian Rakyat Syariah Rahma Syariah,Kab. Kediri,Provinsi Jawa Timur,620150,20672365036.0,8255721685.0,0.0,1553620579.0,0.0,0.0,255000000.0,6670939606.0,0.0,0.0,0.0,4148613102.0,0.0,7856300000.0,0.0,532685387.0,161192498.0,0.0,0.0,0.0,392786882.0,0.0,2604650818.0,2963700050.0,2742330554.0,11400000.0,397763583.0,63.0,8.18,11.68,2.19,88.12,83.99,29.55,63.0
2024,12,,,PT Bank Perekonomian Rakyat Syariah Tunas Artha Jaya Abadi,Kab. Kediri,Provinsi Jawa Timur,620200,84668294387.0,24652837000.0,0.0,17554454582.0,0.0,0.0,0.0,12004070966.0,0.0,0.0,0.0,0.0,22863243490.0,47495500000.0,0.0,1877408083.0,424723999.0,0.0,0.0,0.0,2150673039.0,0.0,10867356828.0,14546093289.0,11032077450.0,0.0,1147001517.0,31.92,6.04,8.85,1.69,91.17,77.2,25.03,31.92
2024,12,,,PT BPRS Magetan (Perseroda),Kab. Magetan,Provinsi Jawa Timur,620165,69920905537.0,44797245212.0,0.0,2547791150.0,0.0,0.0,8443721926.0,0.0,0.0,0.0,133333200.0,15957447056.0,920237768.0,27268860000.0,0.0,1481479372.0,402275794.0,0.0,5500000000.0,0.0,823481935.0,0.0,5896176909.0,7186915224.0,5178575529.0,0.0,1063993234.0,39.07,13.23,15.85,1.63,79.86,82.01,24.7,39.07
2024,12,,,PT Bank Perekonomian Rakyat Syariah Kabupaten Ngawi Perseroda,Kab. Ngawi,Provinsi Jawa Timur,620183,209800716661.0,136876346063.0,0.0,5254091780.0,0.0,0.0,0.0,0.0,0.0,0.0,0.0,100442822712.0,319760847.0,35230830000.0,0.0,1141338943.0,838162763.0,0.0,42940664094.0,0.0,3540378038.0,0.0,16183334208.0,19059574760.0,11882046019.0,0.0,4782790152.0,39.35,0.17,0.32,3.66,65.65,104.51,32.91,39.35
2024,12,,,PT Bank Perekonomian Rakyat Syariah Almabrur Babadan,Kab. Ponorogo,Provinsi Jawa Timur,620073,65984459691.0,39701945122.0,0.0,0.0,54727356.0,0.0,1174556400.0,7110995500.0,0.0,0.0,122500000.0,17894042006.0,0.0,16607362500.0,0.0,1174776691.0,615045265.0,0.0,9336696676.0,8585307944.0,161630366.0,0.0,6715780033.0,7801071238.0,9860234142.0,7689973.0,505146226.0,34.99,5.97,7.77,1.03,1.57,91.64,41.19,34.99
2024,12,,,PT BPRS Bumi Rinjani,Kota Batu,Provinsi Jawa Timur,620109,,,,,,,,,,,,,,,,,,,,,,,,,,,,,,,,,,,
2024,12,,,PT. BPRS Jabal Nur Tebuireng,Kota Surabaya,Provinsi Jawa Timur,620114,,,,,,,,,,,,,,,,,,,,,,,,,,,,,,,,,,,
2024,12,,,PT BPRS Mojo Artho Kota Mojokerto Perseroda,Kota Mojokerto,Provinsi Jawa Timur,620160,,,,,,,,,,,,,,,,,,,,,,,,,,,,,,,,,,,
2024,12,,,PT BPRS Bumi Rinjani Malang,Kota Malang,Provinsi Jawa Timur,620078,,,,,,,,,,,,,,,,,,,,,,,,,,,,,,,,,,,
2024,12,,,PT Bank Perekonomian Rakyat Syariah Mitra Mentari Sejahtera,Kab. Ponorogo,Provinsi Jawa Timur,620180,48201534027.0,10221888523.0,0.0,180196363.0,8964072962.0,0.0,130000000.0,4545000000.0,0.0,0.0,0.0,25368124313.0,724354306.0,13661450000.0,0.0,145253052.0,21915335.0,0.0,539401404.0,0.0,165603686.0,0.0,3863254547.0,4206686430.0,7141488560.0,5146725.0,143206253.0,24.05,27.71,28.03,0.3,97.0,60.47,9.92,24.05
2024,12,,,PT. BPRS Safir,Kota Bengkulu,Provinsi Bengkulu,620090,,,,,,,,,,,,,,,,,,,,,,,,,,,,,,,,,,,
2024,12,,,PT Bank Perekonomian Rakyat Syariah Madinah,Kab. Lamongan,Provinsi Jawa Timur,620139,21231639896.0,11375925937.0,0.0,0.0,250000000.0,0.0,0.0,4089984473.0,0.0,0.0,0.0,1269570064.0,7933688577.0,2576500000.0,0.0,720080648.0,77250037.0,0.0,1500000000.0,0.0,1102348077.0,0.0,2626715620.0,3094188480.0,3389440010.0,0.0,-322580307.0,61.24,16.21,20.06,-1.55,109.06,116.46,36.47,61.24
2024,12,,,PT Bank Perekonomian Rakyat Syariah Situbondo,Kab. Situbondo,Provinsi Jawa Timur,620081,22741377834.0,9685644565.0,0.0,818208290.0,0.0,280866152.0,0.0,1708468300.0,0.0,0.0,1749941000.0,2021980447.0,4751130741.0,7204350000.0,0.0,563896056.0,134117825.0,0.0,1505738793.0,0.0,257746978.0,0.0,2107117769.0,2798670722.0,2736640654.0,0.0,-295078432.0,69.04,27.11,30.97,-1.07,104.38,95.81,75.53,69.04
2024,12,,,PT. BPRS Hareukat,Kab. Aceh Besar,Provinsi NAD,620003,,,,,,,,,,,,,,,,,,,,,,,,,,,,,,,,,,,
2024,12,,,PT Bank Perekonomian Rakyat Syariah Arsa Sejahtera,Kota Batu,Provinsi Jawa Timur,620079,54964615120.0,26243148655.0,0.0,1473906541.0,1020115934.0,0.0,0.0,4446422258.0,0.0,0.0,0.0,606510580.0,13691104667.0,25338238800.0,0.0,745319978.0,157953498.0,0.0,0.0,0.0,279787544.0,0.0,5438198121.0,6920090305.0,3912946030.0,53360271.0,1994060713.0,68.93,1.25,3.94,4.43,65.61,83.72,35.54,68.93
2024,12,,,PT Bank Perekonomian Rakyat Syariah Karya Mugi Sentosa,Kota Surabaya,Provinsi Jawa Timur,620113,145774648958.0,74959375449.0,0.0,2284956514.0,4138349500.0,0.0,248820000.0,39329145133.0,0.0,0.0,383652000.0,45487942712.0,14847566865.0,47935831027.0,0.0,1871551256.0,915041149.0,0.0,16993134023.0,0.0,1436170304.0,0.0,16338740054.0,18603271467.0,15899333216.0,59140753.0,1817846275.0,30.88,3.8,4.92,2.09,86.49,111.72,12.67,30.88
2024,12,,,PT Bank Perekonomian Rakyat Syariah Ingin Jaya,Kab. Aceh Besar,Provinsi NAD,620203,,,,,,,,,,,,,,,,,,,,,,,,,,,,,,,,,,,
2024,12,,,PT Bank Perekonomian Rakyat Syariah Mitra Harmoni Kota Malang,Kota Malang,Provinsi Jawa Timur,620153,44024824755.0,31444888140.0,0.0,3455650000.0,0.0,0.0,0.0,0.0,0.0,0.0,275000000.0,5801633055.0,2361341235.0,11140000000.0,0.0,968780393.0,84283239.0,0.0,13950000000.0,0.0,216561129.0,0.0,6572776377.0,7944122061.0,5850098196.0,0.0,1005075581.0,51.82,7.2,9.6,3.0,85.57,180.8,31.96,51.82
2024,12,,,PT Bank Perekonomian Rakyat Syariah Tanmiya Artha,Kota Kediri,Provinsi Jawa Timur,620130,23873852534.0,10883087778.0,0.0,1204233700.0,0.0,0.0,10851000.0,7738631918.0,0.0,0.0,15000000.0,1462847216.0,3193069289.0,8627590000.0,0.0,1068406798.0,139631887.0,0.0,2969155566.0,0.0,604990111.0,0.0,2993868170.0,3717718259.0,2192611297.0,21328600.0,737221165.0,42.64,18.3,23.49,3.43,77.12,108.75,47.8,42.64
2024,12,,,PT Bank Perekonomian Rakyat Syariah Muamalat Harkat,Kab. Seluma,Provinsi Bengkulu,620052,85708548388.0,54068144561.0,0.0,870308330.0,0.0,131204365.0,1404687500.0,0.0,0.0,0.0,0.0,6165844940.0,19130506153.0,42793500000.0,0.0,2578059900.0,104554169.0,0.0,5502841781.0,0.0,1247925954.0,0.0,9719891157.0,13933109110.0,7163733910.0,73339303.0,2289710004.0,16.14,3.7,6.9,3.72,79.42,93.82,20.72,16.14
2024,12,,,PT BPRS Kota Juang Perseroda,Kab. Aceh Jeumpa/Bireuen,Provinsi NAD,620144,,,,,,,,,,,,,,,,,,,,,,,,,,,,,,,,,,,
2024,12,,,PT Bank Perekonomian Rakyat Syariah Maslahat Dana Syariah Nusantara,Kota Bengkulu,Provinsi Bengkulu,620181,24839497384.0,18027755896.0,0.0,601344368.0,94645858.0,0.0,1039448230.0,531203500.0,0.0,0.0,1129351000.0,3512232053.0,0.0,15324700000.0,0.0,215146090.0,14308376.0,0.0,730483301.0,0.0,314114042.0,0.0,2493098761.0,3068833551.0,2077614017.0,0.0,979646947.0,55.93,6.88,7.5,4.36,73.29,107.74,12.58,55.93
2024,12,,,PT Bank Perekonomian Rakyat Syariah Fadhilah Kota Bengkulu (Perseroda),Kota Bengkulu,Provinsi Bengkulu,620184,51528246190.0,36421089698.0,0.0,768003343.0,1305845000.0,0.0,3250617284.0,566157213.0,0.0,0.0,0.0,7597481341.0,2388130061.0,12344000000.0,0.0,455304168.0,50476060.0,0.0,5800000000.0,1080326363.0,50485639.0,0.0,6020292137.0,7115052424.0,5560537556.0,0.0,640898418.0,83.13,1.65,2.22,1.55,84.5,189.49,20.29,83.13
2024,12,,,PT Bank Pembiayaan Rakyat Syariah Gayo Perseroda,Kab. Aceh Tengah,Provinsi NAD,620120,8746923331.0,43498398211.0,0.0,0.0,0.0,0.0,0.0,0.0,0.0,0.0,0.0,19529264.0,16782281438.0,7673700000.0,0.0,37765799611.0,5535095.0,0.0,7290000000.0,0.0,176916858.0,0.0,4698239523.0,6684913762.0,41855582567.0,0.0,-37011652174.0,-69.1,4.89,91.71,,,177.72,3.69,-69.1
2024,12,,,PT Bank Perekonomian Rakyat Syariah Tengku Chiek Dipante,Kab. Pidie,Provinsi NAD,620025,34971689236.0,18191155855.0,0.0,5499771.0,0.0,0.0,0.0,7452350640.0,0.0,0.0,0.0,70380733.0,6089999259.0,8921000000.0,0.0,201807043.0,152705230.0,0.0,14403257789.0,94625685.0,511616625.0,0.0,2937494783.0,4785360031.0,3034095908.0,0.0,340599526.0,19.81,6.0,6.73,0.99,89.95,140.58,14.46,19.81
2024,12,,,PT Bank Perekonomian Rakyat Syariah Baiturrahman,Kab. Aceh Besar,Provinsi NAD,620024,57161377064.0,26703316811.0,0.0,0.0,0.0,0.0,0.0,13932143346.0,0.0,0.0,0.0,592905676.0,5241143595.0,31538500000.0,0.0,710671765.0,518512.0,0.0,14187336312.0,0.0,290574753.0,0.0,3387479459.0,7073587889.0,4178380691.0,0.0,20537280.0,19.76,9.85,9.85,0.04,89.44,110.17,25.55,19.76
2024,12,,,PT Bank Perekonomian Rakyat Syariah Rahmania Dana Sejahtera,Kab. Aceh Jeumpa/Bireuen,Provinsi NAD,620148,42265030480.0,24252719778.0,0.0,0.0,0.0,0.0,1120730873.0,1150833326.0,0.0,0.0,0.0,1016245174.0,1515708426.0,21856403265.0,0.0,153128331.0,183419652.0,0.0,9350000000.0,761712698.0,225070696.0,0.0,3843404604.0,6791935178.0,3505244978.0,0.0,675321763.0,30.99,,8.64,1.78,89.42,109.5,63.23,30.99
2024,12,,,PT Bank Perekonomian Rakyat Syariah Hikmah Wakilah,Kota Banda Aceh,Provinsi NAD,620046,212136502649.0,84631101853.0,1682372761.0,1052779286.0,250000000.0,237451977.0,3478361046.0,57604009636.0,0.0,0.0,0.0,12264923068.0,20438687646.0,125964812000.0,0.0,1502783022.0,529494698.0,0.0,18455990532.0,10749612440.0,1721438337.0,0.0,14752155757.0,25719812137.0,11314545166.0,0.0,3947472209.0,22.62,3.4,3.9,2.53,82.1,105.02,53.81,22.62
2024,12,,,PT Bank Perekonomian Rakyat Syariah Mustaqim Aceh Perseroda,Kota Banda Aceh,Provinsi NAD,620187,224427003081.0,106268103092.0,0.0,0.0,0.0,0.0,2500000000.0,32019221523.0,0.0,0.0,390177290.0,4203594443.0,30558207360.0,54516960000.0,0.0,4747316733.0,2092198651.0,0.0,17801000000.0,0.0,5764229441.0,0.0,26928340722.0,30850886640.0,25829122737.0,0.0,2872955667.0,93.76,3.17,5.2,1.81,90.98,157.68,14.15,93.76
2024,12,,,PT Bank Perekonomian Rakyat Syariah Arthaaceh Sejahtera,Kota Banda Aceh,Provinsi NAD,620192,35404217760.0,16701787450.0,0.0,1056938582.0,0.0,0.0,0.0,5559000000.0,0.0,0.0,0.0,687832538.0,718509982.0,26900047229.0,0.0,855908519.0,93985635.0,0.0,0.0,0.0,445370040.0,0.0,2654649923.0,4804781844.0,3466726677.0,0.0,-567347459.0,33.35,35.68,39.09,-1.47,110.89,66.99,16.96,33.35
2024,12,,,PT. BPRS Al-Yaqin,Kab. Simalungun,Provinsi Sumatera Utara,620092,,,,,,,,,,,,,,,,,,,,,,,,,,,,,,,,,,,
2024,12,,,PT Bank Perekonomian Rakyat Syariah Taman Indah Darussalam,Kota Banda Aceh,Provinsi NAD,620158,73670217794.0,49206740168.0,0.0,0.0,0.0,0.0,1137156665.0,2621771777.0,0.0,0.0,0.0,2526900467.0,1643964954.0,33970100000.0,0.0,291558179.0,47062680.0,0.0,26601767417.0,970476846.0,398390608.0,0.0,5383359873.0,10293796806.0,5469133202.0,0.0,114978934.0,15.5,6.79,6.67,0.26,98.92,148.75,21.1,15.5
2024,12,,,PT Bank Perekonomian Rakyat Syariah Adeco,Kota Langsa,Provinsi NAD,620141,132736077061.0,103361584317.0,0.0,638823517.0,0.0,0.0,1206175325.0,0.0,0.0,0.0,338395874.0,3170930645.0,3585858066.0,76606376731.0,0.0,2103617861.0,579649557.0,0.0,24287530705.0,5248099792.0,390287369.0,0.0,5563551669.0,16984003450.0,6670903890.0,0.0,-1060535121.0,18.66,36.14,38.04,-0.79,67.24,97.73,21.86,18.66
2024,12,,,PT Bank Perekonomian Rakyat Syariah Serambi Mekah,Kota Langsa,Provinsi NAD,620152,39330237858.0,25518495845.0,0.0,0.0,0.0,0.0,600000000.0,0.0,0.0,0.0,0.0,2411687870.0,731888970.0,9403750000.0,0.0,381146390.0,135836118.0,0.0,17684882574.0,2745453529.0,183230738.0,0.0,2832058809.0,5597658426.0,2890109388.0,0.0,448771298.0,27.41,3.59,4.81,6.67,93.69,208.16,38.76,27.41
2024,12,,,PT Bank Perekonomian Rakyat Syariah Rahmah Hijrah Agung,Kota Lhokseumawe,Provinsi NAD,620049,51988008441.0,32848216693.0,0.0,0.0,0.0,0.0,1601146210.0,0.0,0.0,0.0,297155681.0,1254978269.0,3268641782.0,35813100000.0,0.0,320251364.0,333587387.0,0.0,354225598.0,3744929151.0,114432356.0,0.0,3514369465.0,7261633795.0,3961054545.0,0.0,-195886102.0,35.19,26.09,26.62,-0.34,102.01,85.4,44.11,35.19
2024,12,,,PT Bank Perekonomian Rakyat Syariah Puduarta Insani,Kab. Deli Serdang,Provinsi Sumatera Utara,620058,52440820710.0,25457484577.0,0.0,10000000.0,0.0,0.0,0.0,0.0,0.0,0.0,0.0,14217571048.0,0.0,28369076496.0,0.0,534005589.0,82604812.0,0.0,595749363.0,0.0,288323213.0,0.0,3915603292.0,5788833223.0,4038536296.0,0.0,245988406.0,32.68,5.5,7.15,0.47,104.21,60.55,39.77,32.68
2024,12,,,PT Bank Perekonomian Rakyat Syariah Amanah Insan Cita,Kab. Deli Serdang,Provinsi Sumatera Utara,620145,18700448444.0,10490679990.0,0.0,0.0,0.0,0.0,612500000.0,1602000003.0,0.0,0.0,0.0,3082972193.0,0.0,9502500000.0,0.0,1440755027.0,86551545.0,0.0,2256829805.0,0.0,279701175.0,0.0,1894096610.0,2522703677.0,2398108255.0,0.0,-189183820.0,41.28,18.91,29.85,-1.12,113.44,100.95,84.57,41.28
2024,12,,,PT Bank Perekonomian Rakyat Syariah Amanah Bangsa,Kab. Simalungun,Provinsi Sumatera Utara,620032,136822160295.0,106454928311.0,0.0,5295727.0,420380000.0,0.0,415450000.0,2697621950.0,0.0,0.0,429982400.0,18671240141.0,458552100.0,43486714523.0,0.0,1708870633.0,347288081.0,0.0,38862070331.0,19034093274.0,1760337452.0,0.0,13478299115.0,22317598378.0,16406436246.0,61963438.0,1913811286.0,21.47,1.33,2.34,2.58,86.02,109.45,51.33,21.47
2024,12,,,PT Bank Perekonomian Rakyat Syariah Sindanglaya Kotanopan,Kab. Mandailing Natal,Provinsi Sumatera Utara,620111,7734341762.0,3093836800.0,0.0,256306400.0,0.0,0.0,0.0,1348443972.0,0.0,0.0,0.0,1915863598.0,0.0,2254500000.0,0.0,143615475.0,3899243.0,0.0,1031916529.0,0.0,135240942.0,0.0,979727811.0,1153677849.0,1296411879.0,0.0,-177131023.0,62.91,17.36,17.76,-2.29,112.61,112.67,103.25,62.91
2024,12,,,PT Bank Perekonomian Rakyat Syariah Al Washliyah,Kota Medan,Provinsi Sumatera Utara,620036,15641407308.0,5416684300.0,0.0,1973695200.0,0.0,0.0,828900.0,0.0,0.0,0.0,208023800.0,1379889865.0,3257234787.0,6849000000.0,0.0,413902246.0,167230185.0,0.0,1804171024.0,0.0,150192301.0,0.0,779486506.0,1261321161.0,963795436.0,0.0,64324122.0,23.86,23.34,28.19,0.51,92.35,64.34,37.39,23.86
2024,12,,,PT Bank Perekonomian Rakyat Syariah Gebu Prima,Kota Medan,Provinsi Sumatera Utara,620055,29955022831.0,21427999582.0,0.0,782770170.0,0.0,0.0,17952617302.0,499583341.0,0.0,0.0,0.0,248616295.0,2236256430.0,33585000000.0,0.0,13275524072.0,696545784.0,0.0,5954334027.0,0.0,135407925.0,0.0,-1146052297.0,4304565568.0,18825602357.0,0.0,-16363413263.0,-46.0,31.37,63.86,-40.44,234.81,97.22,12.73,-46.0
2024,12,,,PT Bank Perekonomian Rakyat Syariah Carana Kiat Andalas,Kab. Agam,Provinsi Sumatera Barat,620064,36011461676.0,28819823266.0,0.0,49900000.0,0.0,0.0,843749995.0,0.0,0.0,0.0,1399430475.0,16288776707.0,0.0,12177055000.0,0.0,254227353.0,323910301.0,0.0,2300116003.0,0.0,15824439.0,0.0,4320389838.0,4320389838.0,5201749364.0,0.0,-508319466.0,25.92,2.92,3.21,-1.17,109.44,104.38,18.53,25.92
2024,12,,,PT Bank Perekonomian Rakyat Syariah Ampek Angkek Candung,Kab. Agam,Provinsi Sumatera Barat,620071,62875760822.0,37154256170.0,0.0,682130025.0,0.0,0.0,1166666664.0,7777441093.0,0.0,0.0,0.0,29587793541.0,162024464.0,19515850000.0,0.0,658651579.0,568004759.0,0.0,3632016683.0,0.0,1395128290.0,0.0,7373248156.0,8370741206.0,6010557352.0,0.0,1151186968.0,32.81,0.83,0.94,2.31,83.45,95.86,13.92,32.81
2024,12,,,PT BPRS Sungai PuaSyariah,Kab. Agam,Provinsi Sumatera Barat,620186,20124397476.0,13135555449.0,0.0,1767593540.0,0.0,0.0,0.0,548981333.0,0.0,0.0,0.0,10041477566.0,0.0,5851550000.0,0.0,1033358728.0,257018752.0,0.0,0.0,0.0,19265311.0,0.0,1608597610.0,1825824303.0,2478986202.0,0.0,-511741626.0,41.0,18.88,25.04,-2.48,123.42,98.9,19.57,41.0
2024,12,,,PT BANK PEREKONOMIAN RAKYAT SYARIAH MASYARAKAT LINTAU BUO,Kab. Agam,Provinsi Sumatera Barat,620196,21108246610.0,14363676786.0,0.0,1055443629.0,0.0,0.0,0.0,0.0,0.0,0.0,263748831.0,9171241341.0,0.0,6183050000.0,0.0,227010995.0,14630728.0,0.0,1250000000.0,0.0,123896481.0,0.0,1837761411.0,2359851634.0,2354978535.0,0.0,40542132.0,39.61,1.78,2.69,0.24,97.26,102.06,17.52,39.61
2024,12,,,PT BPRS Guguk Mas Makmur,Kab. Limapuluh Koto,Provinsi Sumatera Barat,620194,52251984682.0,40912743140.0,0.0,555265790.0,0.0,0.0,0.0,1683333336.0,0.0,0.0,517000000.0,95103315.0,24219473279.0,16421725000.0,0.0,1582749869.0,99877287.0,0.0,2000505371.0,0.0,1368761939.0,0.0,5306447191.0,6809614499.0,4410947481.0,0.0,1401819684.0,25.59,0.73,3.77,3.34,70.36,106.91,13.68,25.59
2024,12,,,PT BPRS Taeh Baruah,Kab. Limapuluh Koto,Provinsi Sumatera Barat,620190,73477651335.0,55210121885.0,0.0,1527411425.0,1625000.0,0.0,1172916664.0,1000000000.0,0.0,0.0,0.0,1589577770.0,22739479814.0,12478000000.0,0.0,833537760.0,237280574.0,0.0,22852414942.0,4525385121.0,936943628.0,0.0,5502077961.0,7468605777.0,5130080701.0,0.0,1006545107.0,21.52,2.52,3.39,2.15,80.72,160.7,19.01,21.52
2024,12,,,PT Bank Perekonomian Rakyat Syariah Khatulistiwa,Kab. Pasaman,Provinsi Sumatera Barat,620201,89216439983.0,62250368815.0,0.0,3973302887.0,0.0,0.0,0.0,2355887254.0,0.0,0.0,1105582771.0,48179495251.0,555311700.0,29401000000.0,0.0,1792733296.0,304760851.0,0.0,600500000.0,0.0,302770494.0,0.0,2170656702.0,2536970677.0,2090572433.0,0.0,368224304.0,22.62,1.18,3.18,0.5,85.48,91.66,10.17,22.62
2024,12,,,PT BPRS Haji Miskin,Kab. Tanah Datar,Provinsi Sumatera Barat,620099,90896653841.0,53753260109.0,0.0,1625568755.0,157193499.0,56874630.0,1260416667.0,8397965916.0,0.0,0.0,593156872.0,8660807049.0,12452603791.0,36013394000.0,0.0,1467045929.0,1905981828.0,0.0,15371522136.0,4002109644.0,2361299719.0,0.0,9005508548.0,13129895149.0,7902009287.0,53088178.0,1564515052.0,21.25,2.28,3.89,2.34,84.99,121.19,14.7,21.25
2024,12,,,PT Bank Perekonomian Rakyat Syariah Balerong Bunta,Kab. Tanah Datar,Provinsi Sumatera Barat,620197,17502667268.0,11765192685.0,0.0,35524416.0,0.0,0.0,0.0,0.0,0.0,0.0,0.0,6676564000.0,0.0,3911500000.0,0.0,276982930.0,74084616.0,0.0,700000000.0,0.0,1954248763.0,0.0,1302221517.0,1624296480.0,1767645706.0,0.0,47030201.0,46.27,9.15,11.01,0.38,97.98,111.98,49.24,46.27
2024,12,,,PT BPRS Mentari Pasaman Saiyo,Kab. Pasaman Barat,Provinsi Sumatera Barat,620059,14627617603.0,10650770128.0,0.0,164506697.0,39036600.0,0.0,50000000.0,542900000.0,0.0,0.0,343790244.0,422042691.0,7463578579.0,3024850000.0,0.0,305267887.0,206853498.0,0.0,1075624884.0,0.0,429820952.0,0.0,1031441612.0,1381388146.0,1664010719.0,0.0,-130049753.0,30.63,20.59,22.89,-0.87,108.33,106.14,20.65,30.63
2024,12,,,PT Bank Pembiayaan Rakyat Syariah Jam Gadang Perseroda,Kota Bukittinggi,Provinsi Sumatera Barat,620185,125349187197.0,37916140226.0,0.0,50498490574.0,190573635.0,0.0,1685937491.0,4778742524.0,0.0,0.0,0.0,47748999598.0,0.0,22534246639.0,0.0,662532102.0,317336004.0,0.0,34200000000.0,4130132318.0,3113188398.0,0.0,10668734825.0,14840900544.0,9383743537.0,68034862.0,2154206692.0,23.75,0.25,0.43,2.22,83.19,137.25,9.22,23.75
2024,12,,,PT BPRS Gajahtongga KotoPiliang,Kota Sawahlunto,Provinsi Sumatera Barat,620162,44566024521.0,39244741683.0,0.0,0.0,0.0,0.0,0.0,801570000.0,0.0,0.0,0.0,17758033401.0,0.0,14947700000.0,0.0,1757430945.0,205327879.0,0.0,2250000000.0,0.0,832626714.0,0.0,5161449500.0,6454538663.0,3896149425.0,0.0,1613542860.0,30.26,0.99,4.9,4.29,72.66,122.44,28.27,30.26
2024,12,,,PT BPRS Barakah Nawaitul Ikhlas,Kota Solok,Provinsi Sumatera Barat,620123,7046698734.0,4049208496.0,0.0,282900661.0,0.0,0.0,0.0,0.0,0.0,0.0,0.0,89685346.0,3550832118.0,2127500000.0,0.0,100039530.0,13773328.0,0.0,520000000.0,0.0,37161518.0,0.0,764259827.0,910341423.0,1061462128.0,0.0,-136608152.0,20.83,2.6,4.45,-1.99,116.58,75.11,30.96,20.83
2024,12,,,PT BANK PEREKONOMIAN RAKYAT SYARIAH AL MAKMUR,Kota Payakumbuh,Provinsi Sumatera Barat,620132,97583281525.0,64871201846.0,0.0,1205494139.0,38700000.0,0.0,1363541662.0,13353602372.0,0.0,0.0,881805332.0,28503273584.0,2204406659.0,34182129000.0,0.0,711328176.0,201487886.0,0.0,15952397440.0,4130132315.0,1543186013.0,0.0,7774924206.0,10976814909.0,5823137940.0,0.0,2727427718.0,25.9,0.32,0.72,3.99,73.09,118.0,20.09,25.9
2024,12,,,PT Bank Perekonomian Rakyat Syariah Berkah Dana Fadhlillah (Perseroda),Kab. Kampar,Provinsi Riau,620060,76919595176.0,45395644910.0,520625005.0,73093230.0,107862192.0,0.0,0.0,505000000.0,0.0,0.0,49262500.0,27838077299.0,15855088587.0,22458600000.0,0.0,746758926.0,29280490.0,0.0,300000000.0,0.0,366049582.0,0.0,8426555977.0,9802116249.0,5938420707.0,0.0,2241312069.0,25.4,0.53,1.64,3.91,73.45,70.45,12.39,25.4
2024,12,,,PT BANK PEREKONOMIAN RAKYAT SYARIAH SIAK JAYA,Kab. Siak,Provinsi Riau,620189,25768726353.0,13405119901.0,2975575474.0,1017342355.0,0.0,0.0,0.0,5805059914.0,0.0,0.0,0.0,900927570.0,4612159271.0,13899976985.0,0.0,328543751.0,106547185.0,0.0,0.0,0.0,224007792.0,0.0,1566479101.0,2421403336.0,3919254838.0,0.0,-1130591649.0,54.79,7.48,8.89,-4.39,105.64,120.0,12.19,54.79
2024,12,,,PT Bank Perekonomian Rakyat Syariah Hasanah,Kota Pekanbaru,Provinsi Riau,620041,77462497691.0,18315713713.0,1484195297.0,259503331.0,45843465.0,1333333.0,0.0,39998443712.0,0.0,0.0,1819689416.0,1036384340.0,3799119486.0,34275546593.0,0.0,303658356.0,633726025.0,0.0,28950000000.0,0.0,529917485.0,0.0,5930644144.0,9388136682.0,6221912902.0,0.0,414973520.0,27.91,3.58,3.48,1.71,96.56,153.94,17.29,27.91
2024,12,,,PT Bank Perekonomian Rakyat Syariah Al Falah,Kab. Banyuasin,Provinsi Sumatera Selatan,620040,26027336904.0,16895732454.0,0.0,1236011721.0,0.0,0.0,0.0,0.0,0.0,0.0,0.0,69435262.0,5370175182.0,10219200000.0,0.0,907193309.0,110056455.0,0.0,0.0,1754351269.0,464125712.0,0.0,3132174589.0,4277896484.0,3080902748.0,0.0,269680532.0,60.52,8.74,13.27,1.18,89.59,116.74,37.78,60.52
2024,12,,,PT Bank Perekonomian Rakyat Syariah Bangka Belitung,Kota Pangkal Pinang,Provinsi Kep. Bangka Belitung,620076,338407765712.0,121112194105.0,0.0,273159666.0,0.0,1521118536.0,0.0,17148821783.0,0.0,0.0,13723919751.0,9156475286.0,160460432710.0,153440205000.0,0.0,11198270543.0,448715628.0,0.0,25000000.0,0.0,3062534962.0,0.0,25985142332.0,37352323051.0,51637387246.0,0.0,-18982992370.0,4.62,11.75,16.82,-5.81,143.11,65.06,18.19,4.62
2024,12,,,PT Bank Perekonomian Rakyat Syariah Syarikat Madani,Kota Batam,Provinsi Kep. Riau,620121,198298481465.0,82252879628.0,0.0,49943658454.0,11050210889.0,0.0,0.0,24365626005.0,0.0,0.0,712400000.0,17226129.0,10710606154.0,114947146556.0,0.0,992539000.0,889026984.0,0.0,53390500299.0,0.0,2591034117.0,0.0,13600255842.0,24008718449.0,26868038437.0,0.0,2493598037.0,20.96,8.77,9.36,1.84,91.73,133.37,8.61,20.96
2024,12,,,PT Bank Perekonomian Rakyat Syariah Vitka Central,Kota Batam,Provinsi Kep. Riau,620134,164575325999.0,65260595557.0,0.0,44575507820.0,772459704.0,0.0,0.0,35166909839.0,0.0,0.0,607558179.0,1099660029.0,17015028159.0,78109162599.0,0.0,772653579.0,256259433.0,0.0,53550000000.0,0.0,1640879032.0,0.0,9936259892.0,18314600251.0,8857712029.0,0.0,2619654556.0,19.75,2.82,2.89,2.14,84.13,151.5,7.6,19.75
2024,12,,,PT Bank Perekonomian Rakyat Syariah Tani Tulang Bawang Barat (Perseroda),Kab. Tulang Bawang Barat,Provinsi Lampung,620176,,,,,,,,,,,,,,,,,,,,,,,,,,,,,,,,,,,
2024,12,,,PT Bank Perekonomian Rakyat Syariah Way Kanan (Perseroda),Kab. Lampung Selatan,Provinsi Lampung,620157,119201201501.0,70491256928.0,0.0,12333489386.0,1532480579.0,0.0,884895833.0,0.0,0.0,0.0,0.0,20338870136.0,13859188145.0,33575463964.0,0.0,3209431826.0,1286393081.0,0.0,28600000000.0,0.0,3183443518.0,0.0,10697475123.0,16195000073.0,8152939907.0,0.0,3631159948.0,31.11,0.8,3.59,4.05,74.83,88.45,61.16,31.11
2024,12,,,PT Bank Perekonomian Rakyat Syariah Kotabumi (Perseroda),Kab. Lampung Selatan,Provinsi Lampung,620131,208747655847.0,48121328570.0,0.0,107108556300.0,0.0,0.0,0.0,0.0,0.0,0.0,0.0,31645659683.0,97274109.0,94070944863.0,0.0,2183390751.0,796825416.0,0.0,42737305000.0,518150689.0,2317867120.0,0.0,21793177102.0,32343835080.0,13568407130.0,0.0,7282776916.0,19.63,1.1,1.91,4.65,71.77,123.38,64.58,19.63
2024,12,,,PT Bank Perekonomian Rakyat Syariah Rajasa Lampung Tengah (Perseroda),Kab. Lampung Tengah,Provinsi Lampung,620129,85740758502.0,12719311430.0,0.0,43494454098.0,333879993.0,0.0,416666664.0,0.0,0.0,0.0,133177926.0,12941788631.0,3992737665.0,22762000000.0,0.0,1987070786.0,331566985.0,0.0,20300000000.0,5562893144.0,1068723674.0,0.0,9919595539.0,13668887233.0,6686679010.0,0.0,3261103053.0,26.33,1.62,4.57,5.23,46.15,94.95,105.5,26.33
2024,12,,,PT Bank Perekonomian Rakyat Syariah Lampung Barat (Perseroda),Kab. Lampung Barat,Provinsi Lampung,620175,65392948007.0,14218241951.0,0.0,38997803307.0,0.0,0.0,833333336.0,0.0,0.0,0.0,0.0,6552261094.0,1818234345.0,16750250000.0,0.0,1660332219.0,456207515.0,0.0,22250000000.0,4713417959.0,791264095.0,0.0,8277468924.0,8277468924.0,7466077763.0,0.0,832028249.0,34.93,3.5,5.87,1.76,79.28,181.17,31.02,34.93
2024,12,,,PT Bank Perekonomian Rakyat Syariah Tanggamus (Perseroda),Kab. Tanggamus,Provinsi Lampung,620082,68058343740.0,40303901765.0,0.0,1986458395.0,1032866000.0,0.0,0.0,0.0,0.0,0.0,0.0,12971242961.0,25791710379.0,9593700000.0,0.0,1009944561.0,825604744.0,0.0,2000000000.0,209843776.0,728528386.0,0.0,5963636936.0,7648401889.0,6056983618.0,0.0,749040622.0,46.09,0.99,2.72,1.43,89.76,89.59,42.58,46.09
2024,12,,,PT Bank Perekonomian Rakyat Syariah Lampung Timur (Perseroda),Kab. Lampung Timur,Provinsi Lampung,620140,113005856065.0,4282862153.0,0.0,73843274021.0,56055549.0,0.0,0.0,2844393000.0,0.0,0.0,0.0,21769187203.0,5596391941.0,5315450000.0,0.0,2424760357.0,536562796.0,0.0,36900000000.0,10326593894.0,655097550.0,0.0,9823848165.0,14334419625.0,7278859741.0,0.0,2534318053.0,31.66,4.93,7.37,2.84,78.89,131.43,32.52,31.66
2024,12,,,PT Bank Perekonomian Rakyat Syariah Aman Syariah,Kab. Lampung Timur,Provinsi Lampung,620173,46559061265.0,11480985476.0,0.0,24448120519.0,0.0,0.0,0.0,1750000000.0,0.0,0.0,0.0,8487448852.0,4964933041.0,8506172000.0,0.0,1998450818.0,88174630.0,0.0,17601002444.0,0.0,174131030.0,0.0,2976463726.0,5426523190.0,5871810122.0,0.0,-2525801069.0,31.72,14.16,9.21,-5.57,143.58,171.59,18.07,31.72
2024,12,,,PT Bank Perekonomian Rakyat Syariah Bandar Lampung (Perseroda),Kota Bandar Lampung,Provinsi Lampung,620051,150257479791.0,39289478075.0,0.0,53045706190.0,6419775000.0,0.0,833333336.0,2276175000.0,0.0,0.0,0.0,10627856509.0,4571676956.0,62290900000.0,0.0,2312912325.0,1223719501.0,0.0,43963422495.0,0.0,2533262823.0,0.0,16287134826.0,23390981155.0,11790888986.0,112911355.0,4403542841.0,24.56,0.33,2.6,3.87,73.18,131.45,13.92,24.56
2024,12,,,PT Bank Perekonomian Rakyat Syariah Mitra Agro Usaha,Kota Bandar Lampung,Provinsi Lampung,620169,53891712253.0,24217100965.0,0.0,20896991148.0,1980380000.0,0.0,0.0,450749402.0,0.0,0.0,0.0,5644387212.0,3100141146.0,27158819356.0,0.0,523934454.0,351981176.0,0.0,8500000000.0,0.0,879532506.0,0.0,5550639106.0,8154013519.0,4490596752.0,0.0,892848697.0,30.32,9.93,10.66,1.84,87.48,107.08,42.15,30.32
2024,12,,,PT Bank Perekonomian Rakyat Syariah Metro Madani,Kota Metro,Provinsi Lampung,620091,151140659393.0,60594548951.0,0.0,16401790251.0,12913307113.0,0.0,0.0,29658209831.0,0.0,0.0,272535479.0,33444773372.0,7978947535.0,71486380000.0,0.0,1403688399.0,520113141.0,0.0,16750000010.0,1188376745.0,1727350843.0,0.0,15706139072.0,22257130701.0,10557683756.0,0.0,4980895022.0,14.05,2.38,3.07,4.87,61.28,104.79,23.33,14.05
2024,12,,,PT Bank Perekonomian Rakyat Syariah Barkah Gemadana,Kab. Banjar,Provinsi Kalimantan Selatan,620013,141720174756.0,96989771816.0,0.0,949200150.0,6519082260.0,10000000.0,0.0,9634541838.0,0.0,0.0,0.0,3881565436.0,32911777967.0,56392036710.0,0.0,2597853381.0,411378934.0,0.0,24737005276.0,0.0,1041143299.0,0.0,9687412670.0,16068330862.0,8235861337.0,100332757.0,3128518915.0,30.11,2.59,3.51,3.0,78.46,117.84,11.47,30.11
2024,12,,,PT Bank Perekonomian Rakyat Syariah Manfaatsyariah,Kab. Kutai Kartanegara,Provinsi Kalimantan Timur,620014,13106438931.0,4607679493.0,0.0,0.0,0.0,0.0,0.0,0.0,0.0,0.0,2398877941.0,47372326.0,6113921174.0,190000000.0,0.0,28746828.0,12149732.0,0.0,0.0,0.0,117712233.0,0.0,760891075.0,799684101.0,1656749855.0,0.0,-106373865.0,47.36,,8.69,-0.71,110.81,38.77,65.49,47.36
2024,12,,,PT Bank Perekonomian Rakyat Syariah Khairan Inti Amanah,Kab. Parimo/Banggai,Provinsi Sulawesi Tengah,620188,146863127355.0,9022696125.0,0.0,2188798846.0,788049689.0,0.0,0.0,95370032084.0,0.0,0.0,0.0,6211135699.0,23000305640.0,79042400000.0,0.0,960290330.0,887138815.0,0.0,5500000000.0,13489845665.0,333681289.0,0.0,11898779745.0,16484580215.0,9879476371.0,0.0,2295126412.0,39.44,0.95,1.36,2.15,82.94,94.39,21.84,39.44
2024,12,,,PT BPRS Mitra Amanah,Kota Palangkaraya,Provinsi Kalimantan Tengah,620170,7192011891.0,1712752848.0,0.0,273377591.0,0.0,0.0,585456200.0,0.0,0.0,0.0,787941871.0,921633995.0,549374839.0,2645000000.0,0.0,193227783.0,63068242.0,0.0,0.0,0.0,62767120.0,0.0,916528462.0,916528462.0,1125748326.0,0.0,-212859679.0,74.37,21.52,15.24,-2.91,118.51,62.48,215.76,74.37
2024,12,,,PT Bank Perekonomian Rakyat Syariah Gowata,Kab. Gowa,Provinsi Sulawesi Selatan,620065,9501168584.0,6038604082.0,0.0,261359997.0,0.0,0.0,0.0,0.0,0.0,0.0,0.0,0.0,1283648835.0,1486000000.0,0.0,144515566.0,20404859.0,0.0,1970965191.0,0.0,94845879.0,0.0,1699541366.0,1993068643.0,1253868032.0,17104900.0,677280110.0,85.81,0.72,2.98,7.02,68.98,134.75,188.01,85.81
2024,12,,,PT Bank Perekonomian Rakyat Syariah Surya Sejati,Kab. Takalar,Provinsi Sulawesi Selatan,620031,4447806426.0,2696632750.0,0.0,0.0,0.0,0.0,0.0,0.0,0.0,0.0,0.0,0.0,636578273.0,370000000.0,0.0,89096850.0,2482536.0,0.0,762326.0,0.0,58187681.0,0.0,852626398.0,894730920.0,868636470.0,0.0,44437544.0,178.38,12.37,9.07,1.15,88.0,267.9,94.35,178.38
2024,12,,,PT Bank Perekonomian Rakyat Syariah Indo Timur,Kota Makassar,Provinsi Sulawesi Selatan,620010,3957200562.0,1850774440.0,0.0,50802969.0,0.0,0.0,0.0,0.0,0.0,0.0,0.0,1032508858.0,384987914.0,0.0,0.0,167313199.0,81444371.0,0.0,0.0,0.0,73136319.0,0.0,548408450.0,557218680.0,1132056009.0,0.0,-607617595.0,123.39,11.39,19.97,-1.13,191.64,134.15,112.75,123.39
2024,12,,,PT Bank Perekonomian Rakyat Syariah Dana Moneter,Kota Makassar,Provinsi Sulawesi Selatan,620030,73387139241.0,47004045281.0,0.0,170096955.0,14496472274.0,0.0,0.0,0.0,0.0,0.0,0.0,9059984726.0,10134318389.0,25432000000.0,0.0,2340640937.0,158461076.0,0.0,14064626763.0,0.0,442744108.0,0.0,7269949905.0,9572453237.0,6551434139.0,0.0,1033939364.0,31.47,3.04,6.45,1.51,87.68,138.19,51.09,31.47
2024,12,,,PT BANK PEREKONOMIAN RAKYAT SYARIAH NIAGA MADANI,Kota Makassar,Provinsi Sulawesi Selatan,620039,28709243175.0,20512618797.0,0.0,0.0,216202916.0,0.0,0.0,0.0,0.0,0.0,1535127276.0,0.0,1725828695.0,8425540000.0,0.0,213571517.0,231107793.0,0.0,7480748852.0,6784811376.0,296534351.0,0.0,5171549850.0,6718688113.0,6348278966.0,2500000.0,-78155682.0,20.28,4.56,5.12,0.27,107.33,204.2,83.28,20.28
2024,12,,,PT. BPRS Muamalat Yotefa,Kab. Jayapura,Provinsi Papua,620067,,,,,,,,,,,,,,,,,,,,,,,,,,,,,,,,,,,
2024,12,,,PT Bank Perekonomian Rakyat Syariah Investama Mega Bakti,Kota Makassar,Provinsi Sulawesi Selatan,620077,22950116040.0,10295204188.0,0.0,49527003.0,54546000.0,0.0,235481115.0,4572376359.0,0.0,0.0,2457755023.0,1009857.0,2303359980.0,4020000000.0,0.0,437507249.0,9444672.0,0.0,0.0,12431137409.0,507598462.0,0.0,1307166492.0,2756395604.0,2985694369.0,0.0,-1492229558.0,25.04,17.62,20.07,-6.07,108.32,240.45,31.57,25.04
2024,12,,,PT Bank Perekonomian Rakyat Syariah Nurul Ikhwan,Kab. Polewali Mandar,Provinsi Sulawesi Barat,620045,46031436.0,0.0,0.0,0.0,0.0,0.0,0.0,0.0,0.0,0.0,0.0,0.0,61741092.0,0.0,0.0,0.0,738681077.0,0.0,0.0,0.0,3557018.0,0.0,340.0,340.0,103353875.0,0.0,-724493808.0,10.0,40.0,50.0,60.0,70.0,90.0,95.0,10.0
2024,12,,,PT Bank Perekonomian Rakyat Syariah Harta Insan Karimah Fajar Nitro,Kota Makassar,Provinsi Sulawesi Selatan,620168,18002997284.0,7305097445.0,0.0,2586153415.0,4850019.0,0.0,0.0,0.0,0.0,0.0,0.0,83617301.0,872017322.0,9791300000.0,0.0,498003270.0,213536649.0,0.0,2000000000.0,0.0,346975538.0,0.0,1740344470.0,2747870741.0,1662333223.0,4593056.0,179129178.0,45.99,22.48,27.19,1.03,90.87,77.64,34.28,45.99
2024,12,,,PT Bank Perekonomian Rakyat Syariah Tulen Amanah,Kab. Lombok Tengah,Provinsi Nusa Tenggara Barat,620009,72196270825.0,28514154990.0,0.0,0.0,0.0,0.0,0.0,1516178709.0,0.0,0.0,343775000.0,1607464252.0,22794262800.0,33698350000.0,0.0,749644099.0,872368333.0,0.0,1069662819.0,0.0,1283057333.0,0.0,6455999363.0,9597059262.0,5713328276.0,0.0,1751105288.0,32.58,9.17,11.13,3.08,72.0,68.41,42.25,32.58
2024,12,,,PT. BANK PEREKONOMIAN RAKYAT SYARIAH PNM PATUH BERAMAL AMALI,Kota Mataram,Provinsi Nusa Tenggara Barat,620021,140180512965.0,37190075384.0,0.0,0.0,6086942000.0,0.0,111000000.0,53938416267.0,0.0,0.0,0.0,117807323.0,36974233372.0,46244450000.0,0.0,976538869.0,802402565.0,0.0,25005155829.0,5000259645.0,2160372184.0,0.0,11452850088.0,16808677967.0,8138213938.0,109837807.0,4216860437.0,48.12,2.01,2.45,4.43,71.19,117.05,21.58,48.12
2024,12,,,PT. BANK PEREKONOMIAN RAKYAT SYARIAH DINAR ASHRI,Kota Mataram,Provinsi Nusa Tenggara Barat,620104,1468331236584.0,14170432334.0,0.0,0.0,222065141567.0,0.0,0.0,976161335154.0,0.0,0.0,78432078.0,81348223011.0,190037906027.0,747523790217.0,0.0,6923750151.0,16899491421.0,0.0,254846402428.0,0.0,11854580946.0,0.0,62783250781.0,137784522500.0,63811047453.0,1295704056.0,37663609655.0,25.22,0.59,0.52,3.93,70.57,118.99,10.06,25.22
2024,12,,,PT Bank Perekonomian Rakyat Syariah Fajar Sejahtera Bali,Kab. Badung,Provinsi Bali,620026,30109927595.0,6172218578.0,0.0,6138231539.0,0.0,0.0,972761549.0,52479006.0,0.0,0.0,0.0,911380060.0,6224344369.0,11896008560.0,0.0,58144937.0,407091866.0,0.0,2300000000.0,0.0,16799889.0,0.0,2784795316.0,3550786718.0,2331975701.0,52288200.0,634701704.0,101.15,0.51,0.59,2.59,74.12,70.07,36.35,101.15
2024,12,,,PT Bank Perekonomian Rakyat Syariah Saruma Sejahtera Halmahera Selatan,Kab. Halmahera Selatan,Provinsi Maluku Utara,620182,43273871587.0,30111964545.0,0.0,2814041463.0,0.0,0.0,0.0,1092933333.0,0.0,0.0,0.0,2503582449.0,19230607169.0,8622500270.0,0.0,1468973687.0,298766964.0,0.0,0.0,44594026.0,1303962.0,0.0,3143077294.0,3824990659.0,4681516053.0,0.0,2813064150.0,54.15,4.55,8.16,8.08,58.13,119.9,54.15,54.15
2024,12,,,PT Bank Perekonomian Rakyat Syariah Bahari Berkesan,Kota Ternate,Provinsi Maluku Utara,620164,106574237939.0,56425940354.0,0.0,37188291335.0,0.0,0.0,0.0,300000000.0,0.0,0.0,0.0,1466461215.0,41489568789.0,16629900000.0,0.0,0.0,2899414329.0,0.0,1653987469.0,15972321875.0,654517093.0,0.0,11370688371.0,14951016633.0,7321306300.0,131288534.0,5006209419.0,35.64,0.58,2.76,5.69,65.68,15.35,21.46,35.64
2024,12,,,PT Bank Perekonomian Rakyat Syariah Bobato Lestari,Kota Tidore Kepulauan,Provinsi Maluku Utara,620179,62603871126.0,43989221972.0,0.0,0.0,0.0,0.0,1260614282.0,0.0,0.0,0.0,0.0,477889571.0,14663698912.0,24195315000.0,0.0,543456700.0,326668426.0,0.0,1351195310.0,2380200403.0,963007035.0,0.0,7815658637.0,9539594328.0,4765704015.0,0.0,3055433493.0,44.8,1.55,1.9,5.31,49.4,80.98,18.15,44.8
